Rowkey,Sample,Material,Thick,Exposure,TotCycle,S1Cycle,S1T,S1TRate,S1H,S1HRate,S1I,S1IRate,S2T,S2TRate,S2H,S2HRate,S2I,S2IRate,Time,Step,Irrad,Pdose,L,a,b,YI,Haze,dev
sa19601.00-step0,sa19601.00,HydStab,0.0125,Baseline,NA,NA,NA,NA,NA,NA,NA,NA,NA,NA,NA,NA,NA,NA,0,0,NA,NA,94.82,0,0.79,1.5,3.8,0.258569862681567
sa19601.01-step0,sa19601.01,HydStab,0.0125,DampHeat,1440,1440,85,NA,85,NA,0,0,NA,NA,NA,NA,0,0,0,0,0,0,95.1,0,0.75,1.42,0.8,0.346329487094712
sa19601.02-step0,sa19601.02,HydStab,0.0125,DampHeat,1440,1440,85,NA,85,NA,0,0,NA,NA,NA,NA,0,0,0,0,0,0,95.1,0,0.73,1.39,1,0.382539346249642
sa19601.03-step0,sa19601.03,HydStab,0.0125,DampHeat,1440,1440,85,NA,85,NA,0,0,NA,NA,NA,NA,0,0,0,0,0,0,95.12,0,0.73,1.38,1.4,0.395009299301285
sa19601.04-step0,sa19601.04,HydStab,0.0125,DampHeat,1440,1440,85,NA,85,NA,0,0,NA,NA,NA,NA,0,0,0,0,0,0,95.09,0,0.74,1.4,0.9,0.370269393197999
sa19601.05-step0,sa19601.05,HydStab,0.0125,DampHeat,1440,1440,85,NA,85,NA,0,0,NA,NA,NA,NA,0,0,0,0,0,0,95.1,0.01,0.75,1.44,0.9,0.323189580991426
sa19601.06-step0,sa19601.06,HydStab,0.0125,DampHeat,1440,1440,85,NA,85,NA,0,0,NA,NA,NA,NA,0,0,0,0,0,0,95.08,0.01,0.74,1.42,1.2,0.346329487094712
sa19601.07-step0,sa19601.07,HydStab,0.0125,DampHeat,1440,1440,85,NA,85,NA,0,0,NA,NA,NA,NA,0,0,0,0,0,0,95.07,0.01,0.76,1.44,1.3,0.323189580991426
sa19601.08-step0,sa19601.08,HydStab,0.0125,FreezeThaw,1375,1265,70,1.692308,85,7.083333,0,0,-40,1.375,0,2.361111,0,0,0,0,0,0,95.02,0.02,0.74,1.42,2.4,0.346329487094712
sa19601.09-step0,sa19601.09,HydStab,0.0125,FreezeThaw,1375,1265,70,1.692308,85,7.083333,0,0,-40,1.375,0,2.361111,0,0,0,0,0,0,95.1,0,0.74,1.4,1.8,0.370269393197999
sa19601.10-step0,sa19601.10,HydStab,0.0125,FreezeThaw,1375,1265,70,1.692308,85,7.083333,0,0,-40,1.375,0,2.361111,0,0,0,0,0,0,95.04,0,0.76,1.43,1,0.334659534043069
sa19601.11-step0,sa19601.11,HydStab,0.0125,FreezeThaw,1375,1265,70,1.692308,85,7.083333,0,0,-40,1.375,0,2.361111,0,0,0,0,0,0,95.03,0,0.76,1.44,0.9,0.323189580991426
sa19601.12-step0,sa19601.12,HydStab,0.0125,FreezeThaw,1375,1265,70,1.692308,85,7.083333,0,0,-40,1.375,0,2.361111,0,0,0,0,0,0,95.05,0,0.76,1.44,0.9,0.323189580991426
sa19601.13-step0,sa19601.13,HydStab,0.0125,FreezeThaw,1375,1265,70,1.692308,85,7.083333,0,0,-40,1.375,0,2.361111,0,0,0,0,0,0,95.06,-0.01,0.77,1.45,1.2,0.311919627939783
sa19601.14-step0,sa19601.14,HydStab,0.0125,FreezeThaw,1375,1265,70,1.692308,85,7.083333,0,0,-40,1.375,0,2.361111,0,0,0,0,0,0,95.07,0,0.76,1.45,1.8,0.311919627939783
sa19601.15-step0,sa19601.15,HydStab,0.0125,HotQUV,1440,1440,70,NA,20,NA,1.55,NA,NA,NA,NA,NA,NA,NA,0,0,1.55,0,95.09,0.01,0.75,1.43,1,0.334659534043069
sa19601.16-step0,sa19601.16,HydStab,0.0125,HotQUV,1440,1440,70,NA,20,NA,1.55,NA,NA,NA,NA,NA,NA,NA,0,0,1.55,0,95.05,0,0.77,1.45,0.9,0.311919627939783
sa19601.17-step0,sa19601.17,HydStab,0.0125,HotQUV,1440,1440,70,NA,20,NA,1.55,NA,NA,NA,NA,NA,NA,NA,0,0,1.55,0,95.08,0.01,0.75,1.42,0.9,0.346329487094712
sa19601.18-step0,sa19601.18,HydStab,0.0125,HotQUV,1440,1440,70,NA,20,NA,1.55,NA,NA,NA,NA,NA,NA,NA,0,0,1.55,0,95.08,0.01,0.74,1.41,1.8,0.358199440146356
sa19601.19-step0,sa19601.19,HydStab,0.0125,HotQUV,1440,1440,70,NA,20,NA,1.55,NA,NA,NA,NA,NA,NA,NA,0,0,1.55,0,95.04,0,0.75,1.42,1.7,0.346329487094712
sa19601.20-step0,sa19601.20,HydStab,0.0125,HotQUV,1440,1440,70,NA,20,NA,1.55,NA,NA,NA,NA,NA,NA,NA,0,0,1.55,0,95.04,0.01,0.76,1.44,1,0.323189580991426
sa19601.21-step0,sa19601.21,HydStab,0.0125,HotQUV,1440,1440,70,NA,20,NA,1.55,NA,NA,NA,NA,NA,NA,NA,0,0,1.55,0,95.06,0.01,0.76,1.46,0.8,0.30084967488814
sa19601.22-step0,sa19601.22,HydStab,0.0125,CyclicQUV,720,480,70,1.333333,20,5.333333,1.55,1.55,50,1,100,80,0,1.55,0,0,1.55,0,95.05,0.01,0.75,1.43,1,0.334659534043069
sa19601.23-step0,sa19601.23,HydStab,0.0125,CyclicQUV,720,480,70,1.333333,20,5.333333,1.55,1.55,50,1,100,80,0,1.55,0,0,1.55,0,95.02,0,0.77,1.46,1.1,0.30084967488814
sa19601.24-step0,sa19601.24,HydStab,0.0125,CyclicQUV,720,480,70,1.333333,20,5.333333,1.55,1.55,50,1,100,80,0,1.55,0,0,1.55,0,95.09,0,0.75,1.42,1,0.346329487094712
sa19601.25-step0,sa19601.25,HydStab,0.0125,CyclicQUV,720,480,70,1.333333,20,5.333333,1.55,1.55,50,1,100,80,0,1.55,0,0,1.55,0,95.05,0,0.77,1.45,1,0.311919627939783
sa19601.26-step0,sa19601.26,HydStab,0.0125,CyclicQUV,720,480,70,1.333333,20,5.333333,1.55,1.55,50,1,100,80,0,1.55,0,0,1.55,0,95.07,0,0.76,1.45,0.8,0.311919627939783
sa19601.27-step0,sa19601.27,HydStab,0.0125,CyclicQUV,720,480,70,1.333333,20,5.333333,1.55,1.55,50,1,100,80,0,1.55,0,0,1.55,0,95.01,0.01,0.76,1.44,2.9,0.323189580991426
sa19601.28-step0,sa19601.28,HydStab,0.0125,CyclicQUV,720,480,70,1.333333,20,5.333333,1.55,1.55,50,1,100,80,0,1.55,0,0,1.55,0,94.64,0.02,0.78,1.49,0.8,0.26883981573321
sa19601.29-step0,sa19601.29,HydStab,0.0125,Baseline,NA,NA,NA,NA,NA,NA,NA,NA,NA,NA,NA,NA,NA,NA,0,0,NA,NA,95.12,0,0.7,1.33,1.9,0.460359064559501
sa19601.01-step1,sa19601.01,HydStab,0.0125,DampHeat,1440,1440,85,NA,85,NA,0,0,NA,NA,NA,NA,0,0,168,1,0,0,94.21,-0.03,0.74,1.39,3.2,0.382539346249642
sa19601.02-step1,sa19601.02,HydStab,0.0125,DampHeat,1440,1440,85,NA,85,NA,0,0,NA,NA,NA,NA,0,0,168,1,0,0,95.02,-0.01,0.76,1.44,2.1,0.323189580991426
sa19601.03-step1,sa19601.03,HydStab,0.0125,DampHeat,1440,1440,85,NA,85,NA,0,0,NA,NA,NA,NA,0,0,168,1,0,0,94.96,0,0.77,1.46,2.8,0.30084967488814
sa19601.04-step1,sa19601.04,HydStab,0.0125,DampHeat,1440,1440,85,NA,85,NA,0,0,NA,NA,NA,NA,0,0,168,1,0,0,95.04,-0.02,0.76,1.43,2,0.334659534043069
sa19601.05-step1,sa19601.05,HydStab,0.0125,DampHeat,1440,1440,85,NA,85,NA,0,0,NA,NA,NA,NA,0,0,168,1,0,0,95,0,0.78,1.48,3.3,0.279309768784853
sa19601.06-step1,sa19601.06,HydStab,0.0125,DampHeat,1440,1440,85,NA,85,NA,0,0,NA,NA,NA,NA,0,0,168,1,0,0,94.97,-0.01,0.8,1.52,2.8,0.23862995657828
sa19601.07-step1,sa19601.07,HydStab,0.0125,DampHeat,1440,1440,85,NA,85,NA,0,0,NA,NA,NA,NA,0,0,168,1,0,0,95.01,-0.01,0.78,1.48,1.9,0.279309768784853
sa19601.08-step1,sa19601.08,HydStab,0.0125,FreezeThaw,1375,1265,70,1.692308,85,7.083333,0,0,-40,1.375,0,2.361111,0,0,168,1,0,0,95.03,0.01,0.8,1.53,2.4,0.228960003526637
sa19601.09-step1,sa19601.09,HydStab,0.0125,FreezeThaw,1375,1265,70,1.692308,85,7.083333,0,0,-40,1.375,0,2.361111,0,0,168,1,0,0,94.91,0,0.8,1.53,6.3,0.228960003526637
sa19601.10-step1,sa19601.10,HydStab,0.0125,FreezeThaw,1375,1265,70,1.692308,85,7.083333,0,0,-40,1.375,0,2.361111,0,0,168,1,0,0,95.09,0.01,0.77,1.46,1.5,0.30084967488814
sa19601.11-step1,sa19601.11,HydStab,0.0125,FreezeThaw,1375,1265,70,1.692308,85,7.083333,0,0,-40,1.375,0,2.361111,0,0,168,1,0,0,95.16,-0.01,0.71,1.34,1.6,0.446889111507858
sa19601.12-step1,sa19601.12,HydStab,0.0125,FreezeThaw,1375,1265,70,1.692308,85,7.083333,0,0,-40,1.375,0,2.361111,0,0,168,1,0,0,95.08,0.01,0.75,1.44,1.4,0.323189580991426
sa19601.13-step1,sa19601.13,HydStab,0.0125,FreezeThaw,1375,1265,70,1.692308,85,7.083333,0,0,-40,1.375,0,2.361111,0,0,168,1,0,0,95.11,0,0.76,1.43,1.6,0.334659534043069
sa19601.14-step1,sa19601.14,HydStab,0.0125,FreezeThaw,1375,1265,70,1.692308,85,7.083333,0,0,-40,1.375,0,2.361111,0,0,168,1,0,0,95.05,0.01,0.79,1.51,2.7,0.248499909629923
sa19601.15-step1,sa19601.15,HydStab,0.0125,HotQUV,1440,1440,70,NA,20,NA,1.55,NA,NA,NA,NA,NA,NA,NA,168,1,1.55,36.6828,95.34,-0.38,1.58,2.72,3.3,0.506235590381098
sa19601.16-step1,sa19601.16,HydStab,0.0125,HotQUV,1440,1440,70,NA,20,NA,1.55,NA,NA,NA,NA,NA,NA,NA,168,1,1.55,36.6828,95.39,-0.39,1.6,2.73,1.1,0.520565637329454
sa19601.17-step1,sa19601.17,HydStab,0.0125,HotQUV,1440,1440,70,NA,20,NA,1.55,NA,NA,NA,NA,NA,NA,NA,168,1,1.55,36.6828,95.32,-0.39,1.66,2.85,1.9,0.708126200709736
sa19601.18-step1,sa19601.18,HydStab,0.0125,HotQUV,1440,1440,70,NA,20,NA,1.55,NA,NA,NA,NA,NA,NA,NA,168,1,1.55,36.6828,95.33,-0.41,1.65,2.82,2.7,0.658536059864665
sa19601.19-step1,sa19601.19,HydStab,0.0125,HotQUV,1440,1440,70,NA,20,NA,1.55,NA,NA,NA,NA,NA,NA,NA,168,1,1.55,36.6828,95.28,-0.39,1.64,2.82,2.3,0.658536059864665
sa19601.20-step1,sa19601.20,HydStab,0.0125,HotQUV,1440,1440,70,NA,20,NA,1.55,NA,NA,NA,NA,NA,NA,NA,168,1,1.55,36.6828,95.28,-0.41,1.64,2.8,1.6,0.626475965967951
sa19601.21-step1,sa19601.21,HydStab,0.0125,HotQUV,1440,1440,70,NA,20,NA,1.55,NA,NA,NA,NA,NA,NA,NA,168,1,1.55,36.6828,95.36,-0.38,1.54,2.64,1.8,0.398795214794243
sa19601.22-step1,sa19601.22,HydStab,0.0125,CyclicQUV,720,480,70,1.333333,20,5.333333,1.55,1.55,50,1,100,80,0,1.55,168,1,1.55,24.4552,95.36,-0.25,1.27,2.22,2.5,0.0447332429632569
sa19601.23-step1,sa19601.23,HydStab,0.0125,CyclicQUV,720,480,70,1.333333,20,5.333333,1.55,1.55,50,1,100,80,0,1.55,168,1,1.55,24.4552,95.29,-0.26,1.34,2.33,3.7,0.103363759395182
sa19601.24-step1,sa19601.24,HydStab,0.0125,CyclicQUV,720,480,70,1.333333,20,5.333333,1.55,1.55,50,1,100,80,0,1.55,168,1,1.55,24.4552,95.31,-0.27,1.31,2.28,4.7,0.0737135246533976
sa19601.25-step1,sa19601.25,HydStab,0.0125,CyclicQUV,720,480,70,1.333333,20,5.333333,1.55,1.55,50,1,100,80,0,1.55,168,1,1.55,24.4552,95.4,-0.3,1.31,2.26,3.3,0.063253430756684
sa19601.26-step1,sa19601.26,HydStab,0.0125,CyclicQUV,720,480,70,1.333333,20,5.333333,1.55,1.55,50,1,100,80,0,1.55,168,1,1.55,24.4552,95.26,-0.28,1.33,2.31,1.9,0.0909036654984682
sa19601.27-step1,sa19601.27,HydStab,0.0125,CyclicQUV,720,480,70,1.333333,20,5.333333,1.55,1.55,50,1,100,80,0,1.55,168,1,1.55,24.4552,95.24,-0.31,1.41,2.45,4.6,0.194924322775464
sa19601.28-step1,sa19601.28,HydStab,0.0125,CyclicQUV,720,480,70,1.333333,20,5.333333,1.55,1.55,50,1,100,80,0,1.55,168,1,1.55,24.4552,95.17,-0.28,1.39,2.43,2.4,0.17766422887875
sa19601.02-step2,sa19601.02,HydStab,0.0125,DampHeat,1440,1440,85,NA,85,NA,0,0,NA,NA,NA,NA,0,0,336,2,0,0,94.97,0,0.82,1.55,3.1,0.210220097423351
sa19601.03-step2,sa19601.03,HydStab,0.0125,DampHeat,1440,1440,85,NA,85,NA,0,0,NA,NA,NA,NA,0,0,336,2,0,0,95.04,-0.01,0.82,1.54,3.1,0.219490050474994
sa19601.04-step2,sa19601.04,HydStab,0.0125,DampHeat,1440,1440,85,NA,85,NA,0,0,NA,NA,NA,NA,0,0,336,2,0,0,95.06,-0.02,0.81,1.53,2.6,0.228960003526637
sa19601.05-step2,sa19601.05,HydStab,0.0125,DampHeat,1440,1440,85,NA,85,NA,0,0,NA,NA,NA,NA,0,0,336,2,0,0,95.04,-0.01,0.83,1.57,4,0.192280191320064
sa19601.06-step2,sa19601.06,HydStab,0.0125,DampHeat,1440,1440,85,NA,85,NA,0,0,NA,NA,NA,NA,0,0,336,2,0,0,95.05,0,0.8,1.52,3.1,0.23862995657828
sa19601.07-step2,sa19601.07,HydStab,0.0125,DampHeat,1440,1440,85,NA,85,NA,0,0,NA,NA,NA,NA,0,0,336,2,0,0,95.04,-0.01,0.81,1.52,2.5,0.23862995657828
sa19601.09-step2,sa19601.09,HydStab,0.0125,FreezeThaw,1375,1265,70,1.692308,85,7.083333,0,0,-40,1.375,0,2.361111,0,0,336,2,0,0,95.08,0,0.79,1.49,1.3,0.26883981573321
sa19601.10-step2,sa19601.10,HydStab,0.0125,FreezeThaw,1375,1265,70,1.692308,85,7.083333,0,0,-40,1.375,0,2.361111,0,0,336,2,0,0,95.08,-0.02,0.77,1.45,1.4,0.311919627939783
sa19601.11-step2,sa19601.11,HydStab,0.0125,FreezeThaw,1375,1265,70,1.692308,85,7.083333,0,0,-40,1.375,0,2.361111,0,0,336,2,0,0,95.06,-0.01,0.78,1.47,1.3,0.289979721836496
sa19601.12-step2,sa19601.12,HydStab,0.0125,FreezeThaw,1375,1265,70,1.692308,85,7.083333,0,0,-40,1.375,0,2.361111,0,0,336,2,0,0,95.03,-0.01,0.79,1.49,1.7,0.26883981573321
sa19601.13-step2,sa19601.13,HydStab,0.0125,FreezeThaw,1375,1265,70,1.692308,85,7.083333,0,0,-40,1.375,0,2.361111,0,0,336,2,0,0,95.05,-0.01,0.78,1.47,1.8,0.289979721836496
sa19601.14-step2,sa19601.14,HydStab,0.0125,FreezeThaw,1375,1265,70,1.692308,85,7.083333,0,0,-40,1.375,0,2.361111,0,0,336,2,0,0,95.05,0,0.79,1.5,2,0.258569862681567
sa19601.16-step2,sa19601.16,HydStab,0.0125,HotQUV,1440,1440,70,NA,20,NA,1.55,NA,NA,NA,NA,NA,NA,NA,336,2,1.55,73.3656,95.08,-0.65,2.35,3.96,1.4,3.80836141197734
sa19601.17-step2,sa19601.17,HydStab,0.0125,HotQUV,1440,1440,70,NA,20,NA,1.55,NA,NA,NA,NA,NA,NA,NA,336,2,1.55,73.3656,95.11,-0.67,2.44,4.12,1.7,4.45844216315105
sa19601.18-step2,sa19601.18,HydStab,0.0125,HotQUV,1440,1440,70,NA,20,NA,1.55,NA,NA,NA,NA,NA,NA,NA,336,2,1.55,73.3656,95.11,-0.7,2.54,4.28,2.5,5.15972291432476
sa19601.19-step2,sa19601.19,HydStab,0.0125,HotQUV,1440,1440,70,NA,20,NA,1.55,NA,NA,NA,NA,NA,NA,NA,336,2,1.55,73.3656,95.12,-0.68,2.44,4.11,1.5,4.4163121162027
sa19601.20-step2,sa19601.20,HydStab,0.0125,HotQUV,1440,1440,70,NA,20,NA,1.55,NA,NA,NA,NA,NA,NA,NA,336,2,1.55,73.3656,95.13,-0.67,2.41,4.06,1.4,4.20866188146091
sa19601.21-step2,sa19601.21,HydStab,0.0125,HotQUV,1440,1440,70,NA,20,NA,1.55,NA,NA,NA,NA,NA,NA,NA,336,2,1.55,73.3656,95.13,-0.65,2.35,3.95,1.6,3.76943136502899
sa19601.23-step2,sa19601.23,HydStab,0.0125,CyclicQUV,720,480,70,1.333333,20,5.333333,1.55,1.55,50,1,100,80,0,1.55,336,2,1.55,48.9104,95.08,-0.45,1.75,2.98,2.1,0.943816811038374
sa19601.24-step2,sa19601.24,HydStab,0.0125,CyclicQUV,720,480,70,1.333333,20,5.333333,1.55,1.55,50,1,100,80,0,1.55,336,2,1.55,48.9104,95.11,-0.44,1.71,2.91,1.9,0.812706482399877
sa19601.25-step2,sa19601.25,HydStab,0.0125,CyclicQUV,720,480,70,1.333333,20,5.333333,1.55,1.55,50,1,100,80,0,1.55,336,2,1.55,48.9104,95.18,-0.47,1.75,2.96,2.5,0.905356717141661
sa19601.26-step2,sa19601.26,HydStab,0.0125,CyclicQUV,720,480,70,1.333333,20,5.333333,1.55,1.55,50,1,100,80,0,1.55,336,2,1.55,48.9104,95.11,-0.47,1.78,3.03,1.6,1.04346704578016
sa19601.27-step2,sa19601.27,HydStab,0.0125,CyclicQUV,720,480,70,1.333333,20,5.333333,1.55,1.55,50,1,100,80,0,1.55,336,2,1.55,48.9104,95.01,-0.48,1.92,3.27,3.8,1.59138817254072
sa19601.28-step2,sa19601.28,HydStab,0.0125,CyclicQUV,720,480,70,1.333333,20,5.333333,1.55,1.55,50,1,100,80,0,1.55,336,2,1.55,48.9104,94.99,-0.46,1.84,3.14,3.1,1.28029756221208
sa19601.03-step3,sa19601.03,HydStab,0.0125,DampHeat,1440,1440,85,NA,85,NA,0,0,NA,NA,NA,NA,0,0,504,3,0,0,95.02,0,0.81,1.54,2.7,0.219490050474994
sa19601.04-step3,sa19601.04,HydStab,0.0125,DampHeat,1440,1440,85,NA,85,NA,0,0,NA,NA,NA,NA,0,0,504,3,0,0,95.04,-0.01,0.81,1.52,2.8,0.23862995657828
sa19601.05-step3,sa19601.05,HydStab,0.0125,DampHeat,1440,1440,85,NA,85,NA,0,0,NA,NA,NA,NA,0,0,504,3,0,0,94.97,-0.01,0.85,1.61,3.5,0.158800379113492
sa19601.06-step3,sa19601.06,HydStab,0.0125,DampHeat,1440,1440,85,NA,85,NA,0,0,NA,NA,NA,NA,0,0,504,3,0,0,95.02,0,0.83,1.57,3.1,0.192280191320064
sa19601.07-step3,sa19601.07,HydStab,0.0125,DampHeat,1440,1440,85,NA,85,NA,0,0,NA,NA,NA,NA,0,0,504,3,0,0,95.03,-0.02,0.81,1.52,2.3,0.23862995657828
sa19601.10-step3,sa19601.10,HydStab,0.0125,FreezeThaw,1375,1265,70,1.692308,85,7.083333,0,0,-40,1.375,0,2.361111,0,0,504,3,0,0,95.05,-0.01,0.79,1.49,1.7,0.26883981573321
sa19601.11-step3,sa19601.11,HydStab,0.0125,FreezeThaw,1375,1265,70,1.692308,85,7.083333,0,0,-40,1.375,0,2.361111,0,0,504,3,0,0,95.07,-0.01,0.8,1.51,1.6,0.248499909629923
sa19601.12-step3,sa19601.12,HydStab,0.0125,FreezeThaw,1375,1265,70,1.692308,85,7.083333,0,0,-40,1.375,0,2.361111,0,0,504,3,0,0,95.05,-0.01,0.8,1.51,1.9,0.248499909629923
sa19601.13-step3,sa19601.13,HydStab,0.0125,FreezeThaw,1375,1265,70,1.692308,85,7.083333,0,0,-40,1.375,0,2.361111,0,0,504,3,0,0,95.1,-0.02,0.77,1.45,1.7,0.311919627939783
sa19601.14-step3,sa19601.14,HydStab,0.0125,FreezeThaw,1375,1265,70,1.692308,85,7.083333,0,0,-40,1.375,0,2.361111,0,0,504,3,0,0,95.06,-0.02,0.78,1.47,2.2,0.289979721836496
sa19601.17-step3,sa19601.17,HydStab,0.0125,HotQUV,1440,1440,70,NA,20,NA,1.55,NA,NA,NA,NA,NA,NA,NA,504,3,1.55,110.0484,95.09,-0.87,3.18,5.35,1.8,11.1656379377989
sa19601.18-step3,sa19601.18,HydStab,0.0125,HotQUV,1440,1440,70,NA,20,NA,1.55,NA,NA,NA,NA,NA,NA,NA,504,3,1.55,110.0484,95.1,-0.87,3.16,5.32,1.9,10.9660477969539
sa19601.19-step3,sa19601.19,HydStab,0.0125,HotQUV,1440,1440,70,NA,20,NA,1.55,NA,NA,NA,NA,NA,NA,NA,504,3,1.55,110.0484,95.1,-0.89,3.3,5.56,1.5,12.6131689237144
sa19601.20-step3,sa19601.20,HydStab,0.0125,HotQUV,1440,1440,70,NA,20,NA,1.55,NA,NA,NA,NA,NA,NA,NA,504,3,1.55,110.0484,95.07,-0.89,3.29,5.55,1.2,12.5422388767661
sa19601.21-step3,sa19601.21,HydStab,0.0125,HotQUV,1440,1440,70,NA,20,NA,1.55,NA,NA,NA,NA,NA,NA,NA,504,3,1.55,110.0484,95.07,-0.85,3.13,5.27,1.8,10.6373975622121
sa19601.24-step3,sa19601.24,HydStab,0.0125,CyclicQUV,720,480,70,1.333333,20,5.333333,1.55,1.55,50,1,100,80,0,1.55,504,3,1.55,73.3656,95.06,-0.55,2.06,3.49,3.3,2.19484920540457
sa19601.25-step3,sa19601.25,HydStab,0.0125,CyclicQUV,720,480,70,1.333333,20,5.333333,1.55,1.55,50,1,100,80,0,1.55,504,3,1.55,73.3656,95.05,-0.56,2.12,3.59,2.6,2.50114967488814
sa19601.26-step3,sa19601.26,HydStab,0.0125,CyclicQUV,720,480,70,1.333333,20,5.333333,1.55,1.55,50,1,100,80,0,1.55,504,3,1.55,73.3656,95.07,-0.58,2.16,3.65,2.1,2.69452995657828
sa19601.27-step3,sa19601.27,HydStab,0.0125,CyclicQUV,720,480,70,1.333333,20,5.333333,1.55,1.55,50,1,100,80,0,1.55,504,3,1.55,73.3656,94.98,-0.61,2.28,3.86,3.9,3.42806094249377
sa19601.28-step3,sa19601.28,HydStab,0.0125,CyclicQUV,720,480,70,1.333333,20,5.333333,1.55,1.55,50,1,100,80,0,1.55,504,3,1.55,73.3656,94.99,-0.59,2.18,3.69,2.1,2.82745014437171
sa19601.04-step4,sa19601.04,HydStab,0.0125,DampHeat,1440,1440,85,NA,85,NA,0,0,NA,NA,NA,NA,0,0,672,4,0,0,95.07,-0.02,0.82,1.54,2.8,0.219490050474994
sa19601.05-step4,sa19601.05,HydStab,0.0125,DampHeat,1440,1440,85,NA,85,NA,0,0,NA,NA,NA,NA,0,0,672,4,0,0,94.97,-0.02,0.86,1.62,3.5,0.150930426061848
sa19601.06-step4,sa19601.06,HydStab,0.0125,DampHeat,1440,1440,85,NA,85,NA,0,0,NA,NA,NA,NA,0,0,672,4,0,0,95,-0.01,0.84,1.59,3.3,0.175140285216778
sa19601.07-step4,sa19601.07,HydStab,0.0125,DampHeat,1440,1440,85,NA,85,NA,0,0,NA,NA,NA,NA,0,0,672,4,0,0,95.04,-0.02,0.84,1.58,2.9,0.183610238268421
sa19601.11-step4,sa19601.11,HydStab,0.0125,FreezeThaw,1375,1265,70,1.692308,85,7.083333,0,0,-40,1.375,0,2.361111,0,0,672,4,0,0,94.99,0.02,0.81,1.54,1.8,0.219490050474994
sa19601.12-step4,sa19601.12,HydStab,0.0125,FreezeThaw,1375,1265,70,1.692308,85,7.083333,0,0,-40,1.375,0,2.361111,0,0,672,4,0,0,95.05,0.02,0.8,1.53,2.1,0.228960003526637
sa19601.13-step4,sa19601.13,HydStab,0.0125,FreezeThaw,1375,1265,70,1.692308,85,7.083333,0,0,-40,1.375,0,2.361111,0,0,672,4,0,0,95.01,0.01,0.79,1.51,2.3,0.248499909629923
sa19601.14-step4,sa19601.14,HydStab,0.0125,FreezeThaw,1375,1265,70,1.692308,85,7.083333,0,0,-40,1.375,0,2.361111,0,0,672,4,0,0,95.05,0.01,0.81,1.55,2.3,0.210220097423351
sa19601.18-step4,sa19601.18,HydStab,0.0125,HotQUV,1440,1440,70,NA,20,NA,1.55,NA,NA,NA,NA,NA,NA,NA,672,4,1.55,146.7312,94.89,-1.02,4.03,6.83,2.1,23.2468848861558
sa19601.19-step4,sa19601.19,HydStab,0.0125,HotQUV,1440,1440,70,NA,20,NA,1.55,NA,NA,NA,NA,NA,NA,NA,672,4,1.55,146.7312,94.91,-1.02,4.07,6.9,1.8,23.9267952147943
sa19601.20-step4,sa19601.20,HydStab,0.0125,HotQUV,1440,1440,70,NA,20,NA,1.55,NA,NA,NA,NA,NA,NA,NA,672,4,1.55,146.7312,94.88,-1.04,4.19,7.1,1.2,25.9233961537614
sa19601.21-step4,sa19601.21,HydStab,0.0125,HotQUV,1440,1440,70,NA,20,NA,1.55,NA,NA,NA,NA,NA,NA,NA,672,4,1.55,146.7312,94.92,-1.03,3.99,6.74,1.9,22.3871144636205
sa19601.25-step4,sa19601.25,HydStab,0.0125,CyclicQUV,720,480,70,1.333333,20,5.333333,1.55,1.55,50,1,100,80,0,1.55,672,4,1.55,97.8208,94.97,-0.67,2.46,4.17,2.6,4.67209239789283
sa19601.26-step4,sa19601.26,HydStab,0.0125,CyclicQUV,720,480,70,1.333333,20,5.333333,1.55,1.55,50,1,100,80,0,1.55,672,4,1.55,97.8208,95.14,-0.65,2.37,3.99,2.7,3.92635155282241
sa19601.28-step4,sa19601.28,HydStab,0.0125,CyclicQUV,720,480,70,1.333333,20,5.333333,1.55,1.55,50,1,100,80,0,1.55,672,4,1.55,97.8208,94.96,-0.69,2.55,4.32,3.1,5.34304310211819
sa19601.27-step4,sa19601.27,HydStab,0.0125,CyclicQUV,720,480,70,1.333333,20,5.333333,1.55,1.55,50,1,100,80,0,1.55,672,4,1.55,97.8208,94.9,-0.72,2.63,4.44,3.5,5.91220366549847
sa19601.05-step5,sa19601.05,HydStab,0.0125,DampHeat,1440,1440,85,NA,85,NA,0,0,NA,NA,NA,NA,0,0,840,5,0,0,94.98,-0.02,0.87,1.64,3.6,0.135790519958562
sa19601.06-step5,sa19601.06,HydStab,0.0125,DampHeat,1440,1440,85,NA,85,NA,0,0,NA,NA,NA,NA,0,0,840,5,0,0,95,-0.01,0.87,1.64,3.5,0.135790519958562
sa19601.07-step5,sa19601.07,HydStab,0.0125,DampHeat,1440,1440,85,NA,85,NA,0,0,NA,NA,NA,NA,0,0,840,5,0,0,94.99,-0.03,0.88,1.65,2.8,0.128520566906919
sa19601.12-step5,sa19601.12,HydStab,0.0125,FreezeThaw,1375,1265,70,1.692308,85,7.083333,0,0,-40,1.375,0,2.361111,0,0,840,5,0,0,95.07,0,0.83,1.58,2.1,0.183610238268421
sa19601.13-step5,sa19601.13,HydStab,0.0125,FreezeThaw,1375,1265,70,1.692308,85,7.083333,0,0,-40,1.375,0,2.361111,0,0,840,5,0,0,95.04,0,0.83,1.58,2.6,0.183610238268421
sa19601.14-step5,sa19601.14,HydStab,0.0125,FreezeThaw,1375,1265,70,1.692308,85,7.083333,0,0,-40,1.375,0,2.361111,0,0,840,5,0,0,95.03,0,0.85,1.61,2.4,0.158800379113492
sa19601.19-step5,sa19601.19,HydStab,0.0125,HotQUV,1440,1440,70,NA,20,NA,1.55,NA,NA,NA,NA,NA,NA,NA,840,5,1.55,183.414,94.77,-1.06,4.26,7.23,2,27.26408676409
sa19601.20-step5,sa19601.20,HydStab,0.0125,HotQUV,1440,1440,70,NA,20,NA,1.55,NA,NA,NA,NA,NA,NA,NA,840,5,1.55,183.414,94.83,-1.07,4.27,7.24,1.5,27.3686168110384
sa19601.21-step5,sa19601.21,HydStab,0.0125,HotQUV,1440,1440,70,NA,20,NA,1.55,NA,NA,NA,NA,NA,NA,NA,840,5,1.55,183.414,94.79,-1.15,4.63,7.84,1.2,34.0064196279398
sa19601.26-step5,sa19601.26,HydStab,0.0125,CyclicQUV,720,480,70,1.333333,20,5.333333,1.55,1.55,50,1,100,80,0,1.55,840,5,1.55,122.276,94.01,-0.87,3.13,5.3,8.8,10.8339877030572
sa19601.27-step5,sa19601.27,HydStab,0.0125,CyclicQUV,720,480,70,1.333333,20,5.333333,1.55,1.55,50,1,100,80,0,1.55,840,5,1.55,122.276,94,-0.87,3.23,5.5,9.2,12.1905886420243
sa19601.28-step5,sa19601.28,HydStab,0.0125,CyclicQUV,720,480,70,1.333333,20,5.333333,1.55,1.55,50,1,100,80,0,1.55,840,5,1.55,122.276,93.89,-0.88,3.35,5.72,9,13.7752496748881
sa19601.06-step6,sa19601.06,HydStab,0.0125,DampHeat,1440,1440,85,NA,85,NA,0,0,NA,NA,NA,NA,0,0,1008,6,0,0,94.9,-0.04,0.95,1.78,4,0.0522111772355573
sa19601.07-step6,sa19601.07,HydStab,0.0125,DampHeat,1440,1440,85,NA,85,NA,0,0,NA,NA,NA,NA,0,0,1008,6,0,0,94.94,-0.03,0.96,1.8,3,0.0434712711322709
sa19601.13-step6,sa19601.13,HydStab,0.0125,FreezeThaw,1375,1265,70,1.692308,85,7.083333,0,0,-40,1.375,0,2.361111,0,0,1008,6,0,0,94.99,0,0.85,1.61,2.6,0.158800379113492
sa19601.14-step6,sa19601.14,HydStab,0.0125,FreezeThaw,1375,1265,70,1.692308,85,7.083333,0,0,-40,1.375,0,2.361111,0,0,1008,6,0,0,95.02,-0.01,0.82,1.55,2.8,0.210220097423351
sa19601.20-step6,sa19601.20,HydStab,0.0125,HotQUV,1440,1440,70,NA,20,NA,1.55,NA,NA,NA,NA,NA,NA,NA,1008,6,1.55,220.0968,94.63,-1.35,5.64,9.56,1.7,57.0251877030572
sa19601.21-step6,sa19601.21,HydStab,0.0125,HotQUV,1440,1440,70,NA,20,NA,1.55,NA,NA,NA,NA,NA,NA,NA,1008,6,1.55,220.0968,94.6,-1.26,5.28,8.98,2,48.6018449800525
sa19601.27-step6,sa19601.27,HydStab,0.0125,CyclicQUV,720,480,70,1.333333,20,5.333333,1.55,1.55,50,1,100,80,0,1.55,1008,6,1.55,146.7312,92.23,-1.01,3.96,6.87,19.8,23.6342050739492
sa19601.28-step6,sa19601.28,HydStab,0.0125,CyclicQUV,720,480,70,1.333333,20,5.333333,1.55,1.55,50,1,100,80,0,1.55,1008,6,1.55,146.7312,91.79,-1.01,4.29,7.51,21.8,30.266528078644
sa19601.07-step7,sa19601.07,HydStab,0.0125,DampHeat,1440,1440,85,NA,85,NA,0,0,NA,NA,NA,NA,0,0,1176,7,0,0,95.05,-0.05,0.98,1.82,3,0.0355313650289845
sa19601.14-step7,sa19601.14,HydStab,0.0125,FreezeThaw,1375,1265,70,1.692308,85,7.083333,0,0,-40,1.375,0,2.361111,0,0,1176,7,0,0,94.99,-0.01,0.87,1.65,2.8,0.128520566906919
sa19601.21-step7,sa19601.21,HydStab,0.0125,HotQUV,1440,1440,70,NA,20,NA,1.55,NA,NA,NA,NA,NA,NA,NA,1176,7,1.55,256.7796,94.51,-1.35,5.65,9.58,2.3,57.3276477969539
sa19601.28-step7,sa19601.28,HydStab,0.0125,CyclicQUV,720,480,70,1.333333,20,5.333333,1.55,1.55,50,1,100,80,0,1.55,1176,7,1.55,171.1864,89.72,-1.11,4.52,8.04,41.1,36.3790205669069
sa19603.00-step0,sa19603.00,Unstab,0.0075,Baseline,NA,NA,NA,NA,NA,NA,NA,NA,NA,NA,NA,NA,NA,NA,0,0,NA,NA,95.9,-0.06,0.09,0.1,0.7,3.64236328991161
sa19603.01-step0,sa19603.01,Unstab,0.0075,DampHeat,1440,1440,85,NA,85,NA,0,0,NA,NA,NA,NA,0,0,0,0,0,0,95.77,-0.05,0.16,0.26,0.7,3.05724404108532
sa19603.02-step0,sa19603.02,Unstab,0.0075,DampHeat,1440,1440,85,NA,85,NA,0,0,NA,NA,NA,NA,0,0,0,0,0,0,95.77,-0.05,0.15,0.23,0.5,3.16305390024025
sa19603.03-step0,sa19603.03,Unstab,0.0075,DampHeat,1440,1440,85,NA,85,NA,0,0,NA,NA,NA,NA,0,0,0,0,0,0,95.79,-0.05,0.15,0.22,0.5,3.1987238532919
sa19603.04-step0,sa19603.04,Unstab,0.0075,DampHeat,1440,1440,85,NA,85,NA,0,0,NA,NA,NA,NA,0,0,0,0,0,0,95.75,-0.05,0.17,0.26,0.5,3.05724404108532
sa19603.05-step0,sa19603.05,Unstab,0.0075,DampHeat,1440,1440,85,NA,85,NA,0,0,NA,NA,NA,NA,0,0,0,0,0,0,95.73,-0.04,0.14,0.22,0.7,3.1987238532919
sa19603.06-step0,sa19603.06,Unstab,0.0075,DampHeat,1440,1440,85,NA,85,NA,0,0,NA,NA,NA,NA,0,0,0,0,0,0,95.77,-0.04,0.13,0.19,1,3.30693371244682
sa19603.07-step0,sa19603.07,Unstab,0.0075,DampHeat,1440,1440,85,NA,85,NA,0,0,NA,NA,NA,NA,0,0,0,0,0,0,95.74,-0.05,0.16,0.25,0.5,3.09231399413697
sa19603.08-step0,sa19603.08,Unstab,0.0075,FreezeThaw,1375,1265,70,1.692308,85,7.083333,0,0,-40,1.375,0,2.361111,0,0,0,0,0,0,95.76,-0.05,0.15,0.23,0.7,3.16305390024025
sa19603.09-step0,sa19603.09,Unstab,0.0075,FreezeThaw,1375,1265,70,1.692308,85,7.083333,0,0,-40,1.375,0,2.361111,0,0,0,0,0,0,95.71,-0.04,0.17,0.28,0.5,2.98770413498204
sa19603.10-step0,sa19603.10,Unstab,0.0075,FreezeThaw,1375,1265,70,1.692308,85,7.083333,0,0,-40,1.375,0,2.361111,0,0,0,0,0,0,95.75,-0.05,0.17,0.27,0.5,3.02237408803368
sa19603.11-step0,sa19603.11,Unstab,0.0075,FreezeThaw,1375,1265,70,1.692308,85,7.083333,0,0,-40,1.375,0,2.361111,0,0,0,0,0,0,95.71,-0.05,0.19,0.3,0.5,2.91896422887875
sa19603.12-step0,sa19603.12,Unstab,0.0075,FreezeThaw,1375,1265,70,1.692308,85,7.083333,0,0,-40,1.375,0,2.361111,0,0,0,0,0,0,95.73,-0.05,0.15,0.23,0.5,3.16305390024025
sa19603.13-step0,sa19603.13,Unstab,0.0075,FreezeThaw,1375,1265,70,1.692308,85,7.083333,0,0,-40,1.375,0,2.361111,0,0,0,0,0,0,95.69,-0.05,0.21,0.34,0.6,2.78388441667218
sa19603.14-step0,sa19603.14,Unstab,0.0075,FreezeThaw,1375,1265,70,1.692308,85,7.083333,0,0,-40,1.375,0,2.361111,0,0,0,0,0,0,95.76,-0.06,0.14,0.21,0.4,3.23459380634354
sa19603.15-step0,sa19603.15,Unstab,0.0075,HotQUV,1440,1440,70,NA,20,NA,1.55,NA,NA,NA,NA,NA,NA,NA,0,0,1.55,0,95.75,-0.05,0.16,0.24,0.5,3.12758394718861
sa19603.16-step0,sa19603.16,Unstab,0.0075,HotQUV,1440,1440,70,NA,20,NA,1.55,NA,NA,NA,NA,NA,NA,NA,0,0,1.55,0,95.36,-0.04,0.15,0.24,0.5,3.12758394718861
sa19603.17-step0,sa19603.17,Unstab,0.0075,HotQUV,1440,1440,70,NA,20,NA,1.55,NA,NA,NA,NA,NA,NA,NA,0,0,1.55,0,95.39,-0.05,0.15,0.24,0.5,3.12758394718861
sa19603.18-step0,sa19603.18,Unstab,0.0075,HotQUV,1440,1440,70,NA,20,NA,1.55,NA,NA,NA,NA,NA,NA,NA,0,0,1.55,0,95.75,-0.05,0.15,0.23,0.5,3.16305390024025
sa19603.19-step0,sa19603.19,Unstab,0.0075,HotQUV,1440,1440,70,NA,20,NA,1.55,NA,NA,NA,NA,NA,NA,NA,0,0,1.55,0,95.76,-0.04,0.15,0.23,0.6,3.16305390024025
sa19603.20-step0,sa19603.20,Unstab,0.0075,HotQUV,1440,1440,70,NA,20,NA,1.55,NA,NA,NA,NA,NA,NA,NA,0,0,1.55,0,95.71,-0.05,0.18,0.28,0.6,2.98770413498204
sa19603.21-step0,sa19603.21,Unstab,0.0075,HotQUV,1440,1440,70,NA,20,NA,1.55,NA,NA,NA,NA,NA,NA,NA,0,0,1.55,0,95.77,-0.05,0.13,0.19,0.6,3.30693371244682
sa19603.22-step0,sa19603.22,Unstab,0.0075,CyclicQUV,720,480,70,1.333333,20,5.333333,1.55,1.55,50,1,100,80,0,1.55,0,0,1.55,0,95.76,-0.06,0.14,0.2,0.4,3.27066375939518
sa19603.23-step0,sa19603.23,Unstab,0.0075,CyclicQUV,720,480,70,1.333333,20,5.333333,1.55,1.55,50,1,100,80,0,1.55,0,0,1.55,0,95.7,-0.05,0.19,0.31,0.4,2.88489427582711
sa19603.24-step0,sa19603.24,Unstab,0.0075,CyclicQUV,720,480,70,1.333333,20,5.333333,1.55,1.55,50,1,100,80,0,1.55,0,0,1.55,0,95.69,-0.05,0.21,0.35,0.7,2.75061446362053
sa19603.25-step0,sa19603.25,Unstab,0.0075,CyclicQUV,720,480,70,1.333333,20,5.333333,1.55,1.55,50,1,100,80,0,1.55,0,0,1.55,0,95.7,-0.06,0.17,0.26,0.7,3.05724404108532
sa19603.26-step0,sa19603.26,Unstab,0.0075,CyclicQUV,720,480,70,1.333333,20,5.333333,1.55,1.55,50,1,100,80,0,1.55,0,0,1.55,0,95.72,-0.05,0.19,0.3,0.5,2.91896422887875
sa19603.27-step0,sa19603.27,Unstab,0.0075,CyclicQUV,720,480,70,1.333333,20,5.333333,1.55,1.55,50,1,100,80,0,1.55,0,0,1.55,0,95.8,-0.06,0.15,0.22,0.4,3.1987238532919
sa19603.28-step0,sa19603.28,Unstab,0.0075,CyclicQUV,720,480,70,1.333333,20,5.333333,1.55,1.55,50,1,100,80,0,1.55,0,0,1.55,0,95.7,-0.05,0.2,0.33,0.5,2.81735436972382
sa19603.29-step0,sa19603.29,Unstab,0.0075,Baseline,NA,NA,NA,NA,NA,NA,NA,NA,NA,NA,NA,NA,NA,NA,0,0,NA,NA,95.78,-0.05,0.15,0.23,0.5,3.16305390024025
sa19603.01-step1,sa19603.01,Unstab,0.0075,DampHeat,1440,1440,85,NA,85,NA,0,0,NA,NA,NA,NA,0,0,168,1,0,0,95.55,-0.03,0.28,0.5,4.2,2.27556516784589
sa19603.02-step1,sa19603.02,Unstab,0.0075,DampHeat,1440,1440,85,NA,85,NA,0,0,NA,NA,NA,NA,0,0,168,1,0,0,95.52,-0.03,0.28,0.5,4.7,2.27556516784589
sa19603.03-step1,sa19603.03,Unstab,0.0075,DampHeat,1440,1440,85,NA,85,NA,0,0,NA,NA,NA,NA,0,0,168,1,0,0,95.56,-0.03,0.28,0.49,4.7,2.30583512089753
sa19603.04-step1,sa19603.04,Unstab,0.0075,DampHeat,1440,1440,85,NA,85,NA,0,0,NA,NA,NA,NA,0,0,168,1,0,0,95.42,-0.03,0.33,0.59,4.8,2.0121355903811
sa19603.05-step1,sa19603.05,Unstab,0.0075,DampHeat,1440,1440,85,NA,85,NA,0,0,NA,NA,NA,NA,0,0,168,1,0,0,95.53,-0.02,0.27,0.49,4.3,2.30583512089753
sa19603.06-step1,sa19603.06,Unstab,0.0075,DampHeat,1440,1440,85,NA,85,NA,0,0,NA,NA,NA,NA,0,0,168,1,0,0,95.57,-0.03,0.29,0.52,4.5,2.2156252617426
sa19603.07-step1,sa19603.07,Unstab,0.0075,DampHeat,1440,1440,85,NA,85,NA,0,0,NA,NA,NA,NA,0,0,168,1,0,0,95.48,-0.01,0.33,0.6,4.6,1.98386563732945
sa19603.08-step1,sa19603.08,Unstab,0.0075,FreezeThaw,1375,1265,70,1.692308,85,7.083333,0,0,-40,1.375,0,2.361111,0,0,168,1,0,0,95.7,-0.03,0.21,0.36,1.9,2.71754451056889
sa19603.09-step1,sa19603.09,Unstab,0.0075,FreezeThaw,1375,1265,70,1.692308,85,7.083333,0,0,-40,1.375,0,2.361111,0,0,168,1,0,0,95.59,-0.04,0.25,0.44,2.3,2.46018488615575
sa19603.10-step1,sa19603.10,Unstab,0.0075,FreezeThaw,1375,1265,70,1.692308,85,7.083333,0,0,-40,1.375,0,2.361111,0,0,168,1,0,0,95.65,-0.03,0.22,0.39,2.1,2.61953465141396
sa19603.11-step1,sa19603.11,Unstab,0.0075,FreezeThaw,1375,1265,70,1.692308,85,7.083333,0,0,-40,1.375,0,2.361111,0,0,168,1,0,0,95.6,-0.03,0.25,0.44,2.4,2.46018488615575
sa19603.12-step1,sa19603.12,Unstab,0.0075,FreezeThaw,1375,1265,70,1.692308,85,7.083333,0,0,-40,1.375,0,2.361111,0,0,168,1,0,0,95.65,-0.04,0.23,0.4,1.6,2.58726469836232
sa19603.13-step1,sa19603.13,Unstab,0.0075,FreezeThaw,1375,1265,70,1.692308,85,7.083333,0,0,-40,1.375,0,2.361111,0,0,168,1,0,0,95.61,-0.04,0.24,0.41,2.1,2.55519474531068
sa19603.14-step1,sa19603.14,Unstab,0.0075,FreezeThaw,1375,1265,70,1.692308,85,7.083333,0,0,-40,1.375,0,2.361111,0,0,168,1,0,0,95.64,-0.02,0.23,0.39,1.6,2.61953465141396
sa19603.15-step1,sa19603.15,Unstab,0.0075,HotQUV,1440,1440,70,NA,20,NA,1.55,NA,NA,NA,NA,NA,NA,NA,168,1,1.55,36.6828,95.69,-0.36,0.95,1.51,1,0.248499909629923
sa19603.16-step1,sa19603.16,Unstab,0.0075,HotQUV,1440,1440,70,NA,20,NA,1.55,NA,NA,NA,NA,NA,NA,NA,168,1,1.55,36.6828,95.67,-0.36,0.91,1.45,1.9,0.311919627939783
sa19603.17-step1,sa19603.17,Unstab,0.0075,HotQUV,1440,1440,70,NA,20,NA,1.55,NA,NA,NA,NA,NA,NA,NA,168,1,1.55,36.6828,95.69,-0.39,0.96,1.52,2.4,0.23862995657828
sa19603.18-step1,sa19603.18,Unstab,0.0075,HotQUV,1440,1440,70,NA,20,NA,1.55,NA,NA,NA,NA,NA,NA,NA,168,1,1.55,36.6828,95.68,-0.36,0.96,1.54,1.5,0.219490050474994
sa19603.19-step1,sa19603.19,Unstab,0.0075,HotQUV,1440,1440,70,NA,20,NA,1.55,NA,NA,NA,NA,NA,NA,NA,168,1,1.55,36.6828,95.68,-0.36,0.92,1.46,0.9,0.30084967488814
sa19603.20-step1,sa19603.20,Unstab,0.0075,HotQUV,1440,1440,70,NA,20,NA,1.55,NA,NA,NA,NA,NA,NA,NA,168,1,1.55,36.6828,95.64,-0.33,0.92,1.48,1.7,0.279309768784853
sa19603.21-step1,sa19603.21,Unstab,0.0075,HotQUV,1440,1440,70,NA,20,NA,1.55,NA,NA,NA,NA,NA,NA,NA,168,1,1.55,36.6828,95.72,-0.33,0.83,1.31,1.4,0.487898970662787
sa19603.22-step1,sa19603.22,Unstab,0.0075,CyclicQUV,720,480,70,1.333333,20,5.333333,1.55,1.55,50,1,100,80,0,1.55,168,1,1.55,24.4552,96.03,-0.23,1.01,1.73,13.3,0.0775609424937733
sa19603.23-step1,sa19603.23,Unstab,0.0075,CyclicQUV,720,480,70,1.333333,20,5.333333,1.55,1.55,50,1,100,80,0,1.55,168,1,1.55,24.4552,95.85,-0.21,1.08,1.88,17.5,0.0165116467191254
sa19603.24-step1,sa19603.24,Unstab,0.0075,CyclicQUV,720,480,70,1.333333,20,5.333333,1.55,1.55,50,1,100,80,0,1.55,168,1,1.55,24.4552,95.97,-0.27,1.04,1.77,14.8,0.0568811302872005
sa19603.25-step1,sa19603.25,Unstab,0.0075,CyclicQUV,720,480,70,1.333333,20,5.333333,1.55,1.55,50,1,100,80,0,1.55,168,1,1.55,24.4552,95.69,-0.28,0.76,1.21,8.2,0.637598501179219
sa19603.26-step1,sa19603.26,Unstab,0.0075,CyclicQUV,720,480,70,1.333333,20,5.333333,1.55,1.55,50,1,100,80,0,1.55,168,1,1.55,24.4552,96.02,-0.22,1.01,1.74,20.6,0.0720909894421301
sa19603.27-step1,sa19603.27,Unstab,0.0075,CyclicQUV,720,480,70,1.333333,20,5.333333,1.55,1.55,50,1,100,80,0,1.55,168,1,1.55,24.4552,95.8,-0.28,0.81,1.31,10.1,0.487898970662787
sa19603.28-step1,sa19603.28,Unstab,0.0075,CyclicQUV,720,480,70,1.333333,20,5.333333,1.55,1.55,50,1,100,80,0,1.55,168,1,1.55,24.4552,96.04,-0.29,0.76,1.22,6.7,0.621728548127576
sa19603.02-step2,sa19603.02,Unstab,0.0075,DampHeat,1440,1440,85,NA,85,NA,0,0,NA,NA,NA,NA,0,0,336,2,0,0,95.69,-0.04,0.23,0.39,2.5,2.61953465141396
sa19603.03-step2,sa19603.03,Unstab,0.0075,DampHeat,1440,1440,85,NA,85,NA,0,0,NA,NA,NA,NA,0,0,336,2,0,0,95.5,-0.01,0.31,0.57,5.8,2.06927549648438
sa19603.04-step2,sa19603.04,Unstab,0.0075,DampHeat,1440,1440,85,NA,85,NA,0,0,NA,NA,NA,NA,0,0,336,2,0,0,95.52,-0.03,0.29,0.52,4.8,2.2156252617426
sa19603.05-step2,sa19603.05,Unstab,0.0075,DampHeat,1440,1440,85,NA,85,NA,0,0,NA,NA,NA,NA,0,0,336,2,0,0,95.51,-0.03,0.29,0.51,5.2,2.24549521479424
sa19603.06-step2,sa19603.06,Unstab,0.0075,DampHeat,1440,1440,85,NA,85,NA,0,0,NA,NA,NA,NA,0,0,336,2,0,0,95.55,-0.03,0.29,0.51,4.6,2.24549521479424
sa19603.07-step2,sa19603.07,Unstab,0.0075,DampHeat,1440,1440,85,NA,85,NA,0,0,NA,NA,NA,NA,0,0,336,2,0,0,95.53,-0.02,0.29,0.53,5.1,2.18595530869096
sa19603.09-step2,sa19603.09,Unstab,0.0075,FreezeThaw,1375,1265,70,1.692308,85,7.083333,0,0,-40,1.375,0,2.361111,0,0,336,2,0,0,95.64,-0.04,0.21,0.36,2.4,2.71754451056889
sa19603.10-step2,sa19603.10,Unstab,0.0075,FreezeThaw,1375,1265,70,1.692308,85,7.083333,0,0,-40,1.375,0,2.361111,0,0,336,2,0,0,95.67,-0.02,0.2,0.35,2.2,2.75061446362053
sa19603.11-step2,sa19603.11,Unstab,0.0075,FreezeThaw,1375,1265,70,1.692308,85,7.083333,0,0,-40,1.375,0,2.361111,0,0,336,2,0,0,95.59,-0.03,0.25,0.43,2.5,2.49165483920739
sa19603.12-step2,sa19603.12,Unstab,0.0075,FreezeThaw,1375,1265,70,1.692308,85,7.083333,0,0,-40,1.375,0,2.361111,0,0,336,2,0,0,95.66,-0.01,0.23,0.4,2.1,2.58726469836232
sa19603.13-step2,sa19603.13,Unstab,0.0075,FreezeThaw,1375,1265,70,1.692308,85,7.083333,0,0,-40,1.375,0,2.361111,0,0,336,2,0,0,95.63,-0.03,0.22,0.39,2.4,2.61953465141396
sa19603.14-step2,sa19603.14,Unstab,0.0075,FreezeThaw,1375,1265,70,1.692308,85,7.083333,0,0,-40,1.375,0,2.361111,0,0,336,2,0,0,95.69,-0.03,0.2,0.34,2,2.78388441667218
sa19603.16-step2,sa19603.16,Unstab,0.0075,HotQUV,1440,1440,70,NA,20,NA,1.55,NA,NA,NA,NA,NA,NA,NA,336,2,1.55,73.3656,95.72,-0.55,1.52,2.46,1.6,0.20385436972382
sa19603.17-step2,sa19603.17,Unstab,0.0075,HotQUV,1440,1440,70,NA,20,NA,1.55,NA,NA,NA,NA,NA,NA,NA,336,2,1.55,73.3656,95.56,-0.58,1.64,2.67,4.1,0.437585355639313
sa19603.18-step2,sa19603.18,Unstab,0.0075,HotQUV,1440,1440,70,NA,20,NA,1.55,NA,NA,NA,NA,NA,NA,NA,336,2,1.55,73.3656,95.63,-0.56,1.62,2.63,2.7,0.386265167845886
sa19603.19-step2,sa19603.19,Unstab,0.0075,HotQUV,1440,1440,70,NA,20,NA,1.55,NA,NA,NA,NA,NA,NA,NA,336,2,1.55,73.3656,95.61,-0.56,1.56,2.52,2.1,0.261634651413961
sa19603.20-step2,sa19603.20,Unstab,0.0075,HotQUV,1440,1440,70,NA,20,NA,1.55,NA,NA,NA,NA,NA,NA,NA,336,2,1.55,73.3656,95.52,-0.56,1.61,2.62,3,0.373935120897529
sa19603.21-step2,sa19603.21,Unstab,0.0075,HotQUV,1440,1440,70,NA,20,NA,1.55,NA,NA,NA,NA,NA,NA,NA,336,2,1.55,73.3656,95.65,-0.56,1.51,2.43,2.6,0.17766422887875
sa19603.23-step2,sa19603.23,Unstab,0.0075,CyclicQUV,720,480,70,1.333333,20,5.333333,1.55,1.55,50,1,100,80,0,1.55,336,2,1.55,48.9104,94.93,-0.32,1.67,2.94,27.1,0.867696623244947
sa19603.24-step2,sa19603.24,Unstab,0.0075,CyclicQUV,720,480,70,1.333333,20,5.333333,1.55,1.55,50,1,100,80,0,1.55,336,2,1.55,48.9104,96.29,-0.44,1.4,2.3,10.2,0.0849736185501112
sa19603.25-step2,sa19603.25,Unstab,0.0075,CyclicQUV,720,480,70,1.333333,20,5.333333,1.55,1.55,50,1,100,80,0,1.55,336,2,1.55,48.9104,95.79,-0.42,1.28,2.1,9.9,0.00837267958297518
sa19603.26-step2,sa19603.26,Unstab,0.0075,CyclicQUV,720,480,70,1.333333,20,5.333333,1.55,1.55,50,1,100,80,0,1.55,336,2,1.55,48.9104,96.2,-0.38,1.49,2.52,14.5,0.261634651413961
sa19603.27-step2,sa19603.27,Unstab,0.0075,CyclicQUV,720,480,70,1.333333,20,5.333333,1.55,1.55,50,1,100,80,0,1.55,336,2,1.55,48.9104,96.22,-0.4,1.57,2.65,14.8,0.411525261742599
sa19603.28-step2,sa19603.28,Unstab,0.0075,CyclicQUV,720,480,70,1.333333,20,5.333333,1.55,1.55,50,1,100,80,0,1.55,336,2,1.55,48.9104,95.62,-0.43,1.24,2.02,6.8,0.0001323039961207
sa19603.03-step3,sa19603.03,Unstab,0.0075,DampHeat,1440,1440,85,NA,85,NA,0,0,NA,NA,NA,NA,0,0,504,3,0,0,95.59,-0.03,0.31,0.55,6.3,2.12721540258767
sa19603.04-step3,sa19603.04,Unstab,0.0075,DampHeat,1440,1440,85,NA,85,NA,0,0,NA,NA,NA,NA,0,0,504,3,0,0,95.7,-0.04,0.26,0.45,4.9,2.4289149331041
sa19603.05-step3,sa19603.05,Unstab,0.0075,DampHeat,1440,1440,85,NA,85,NA,0,0,NA,NA,NA,NA,0,0,504,3,0,0,95.64,-0.04,0.27,0.46,5.3,2.39784498005246
sa19603.06-step3,sa19603.06,Unstab,0.0075,DampHeat,1440,1440,85,NA,85,NA,0,0,NA,NA,NA,NA,0,0,504,3,0,0,95.62,-0.04,0.28,0.48,5.4,2.33630507394917
sa19603.07-step3,sa19603.07,Unstab,0.0075,DampHeat,1440,1440,85,NA,85,NA,0,0,NA,NA,NA,NA,0,0,504,3,0,0,95.58,-0.03,0.31,0.55,5.4,2.12721540258767
sa19603.10-step3,sa19603.10,Unstab,0.0075,FreezeThaw,1375,1265,70,1.692308,85,7.083333,0,0,-40,1.375,0,2.361111,0,0,504,3,0,0,95.65,-0.05,0.22,0.37,2.6,2.68467455751725
sa19603.11-step3,sa19603.11,Unstab,0.0075,FreezeThaw,1375,1265,70,1.692308,85,7.083333,0,0,-40,1.375,0,2.361111,0,0,504,3,0,0,95.55,-0.05,0.22,0.37,3.7,2.68467455751725
sa19603.12-step3,sa19603.12,Unstab,0.0075,FreezeThaw,1375,1265,70,1.692308,85,7.083333,0,0,-40,1.375,0,2.361111,0,0,504,3,0,0,95.67,-0.05,0.22,0.36,1.9,2.71754451056889
sa19603.13-step3,sa19603.13,Unstab,0.0075,FreezeThaw,1375,1265,70,1.692308,85,7.083333,0,0,-40,1.375,0,2.361111,0,0,504,3,0,0,95.64,-0.06,0.26,0.43,3.2,2.49165483920739
sa19603.14-step3,sa19603.14,Unstab,0.0075,FreezeThaw,1375,1265,70,1.692308,85,7.083333,0,0,-40,1.375,0,2.361111,0,0,504,3,0,0,95.84,-0.06,0.13,0.18,1.4,3.34340366549847
sa19603.17-step3,sa19603.17,Unstab,0.0075,HotQUV,1440,1440,70,NA,20,NA,1.55,NA,NA,NA,NA,NA,NA,NA,504,3,1.55,110.0484,95.58,-0.73,2.24,3.69,3.9,2.82745014437171
sa19603.18-step3,sa19603.18,Unstab,0.0075,HotQUV,1440,1440,70,NA,20,NA,1.55,NA,NA,NA,NA,NA,NA,NA,504,3,1.55,110.0484,95.53,-0.74,2.22,3.64,2.6,2.66179990962992
sa19603.19-step3,sa19603.19,Unstab,0.0075,HotQUV,1440,1440,70,NA,20,NA,1.55,NA,NA,NA,NA,NA,NA,NA,504,3,1.55,110.0484,95.51,-0.73,2.23,3.66,2.3,2.72746000352664
sa19603.20-step3,sa19603.20,Unstab,0.0075,HotQUV,1440,1440,70,NA,20,NA,1.55,NA,NA,NA,NA,NA,NA,NA,504,3,1.55,110.0484,95.49,-0.71,2.22,3.65,3.6,2.69452995657828
sa19603.21-step3,sa19603.21,Unstab,0.0075,HotQUV,1440,1440,70,NA,20,NA,1.55,NA,NA,NA,NA,NA,NA,NA,504,3,1.55,110.0484,95.5,-0.72,2.16,3.54,3,2.34549944014636
sa19603.24-step3,sa19603.24,Unstab,0.0075,CyclicQUV,720,480,70,1.333333,20,5.333333,1.55,1.55,50,1,100,80,0,1.55,504,3,1.55,73.3656,96.1,-0.56,1.98,3.31,11.4,1.69390836033415
sa19603.25-step3,sa19603.25,Unstab,0.0075,CyclicQUV,720,480,70,1.333333,20,5.333333,1.55,1.55,50,1,100,80,0,1.55,504,3,1.55,73.3656,95.68,-0.55,1.69,2.77,8.3,0.579885825122881
sa19603.26-step3,sa19603.26,Unstab,0.0075,CyclicQUV,720,480,70,1.333333,20,5.333333,1.55,1.55,50,1,100,80,0,1.55,504,3,1.55,73.3656,95.42,-0.55,1.81,3,14.2,0.983076904935088
sa19603.27-step3,sa19603.27,Unstab,0.0075,CyclicQUV,720,480,70,1.333333,20,5.333333,1.55,1.55,50,1,100,80,0,1.55,504,3,1.55,73.3656,95.98,-0.57,1.97,3.29,9.3,1.64224826643744
sa19603.28-step3,sa19603.28,Unstab,0.0075,CyclicQUV,720,480,70,1.333333,20,5.333333,1.55,1.55,50,1,100,80,0,1.55,504,3,1.55,73.3656,95.67,-0.56,1.65,2.69,5.1,0.464445449536027
sa19603.04-step4,sa19603.04,Unstab,0.0075,DampHeat,1440,1440,85,NA,85,NA,0,0,NA,NA,NA,NA,0,0,672,4,0,0,95.58,-0.04,0.32,0.56,5.1,2.09814544953603
sa19603.05-step4,sa19603.05,Unstab,0.0075,DampHeat,1440,1440,85,NA,85,NA,0,0,NA,NA,NA,NA,0,0,672,4,0,0,95.55,-0.05,0.35,0.61,6.3,1.95579568427781
sa19603.06-step4,sa19603.06,Unstab,0.0075,DampHeat,1440,1440,85,NA,85,NA,0,0,NA,NA,NA,NA,0,0,672,4,0,0,95.54,-0.03,0.31,0.56,6.3,2.09814544953603
sa19603.07-step4,sa19603.07,Unstab,0.0075,DampHeat,1440,1440,85,NA,85,NA,0,0,NA,NA,NA,NA,0,0,672,4,0,0,95.45,-0.03,0.38,0.68,6.1,1.76490601291631
sa19603.11-step4,sa19603.11,Unstab,0.0075,FreezeThaw,1375,1265,70,1.692308,85,7.083333,0,0,-40,1.375,0,2.361111,0,0,672,4,0,0,95.42,0.01,0.16,0.29,4.3,2.95323418193039
sa19603.12-step4,sa19603.12,Unstab,0.0075,FreezeThaw,1375,1265,70,1.692308,85,7.083333,0,0,-40,1.375,0,2.361111,0,0,672,4,0,0,95.66,-0.05,0.22,0.36,3.4,2.71754451056889
sa19603.13-step4,sa19603.13,Unstab,0.0075,FreezeThaw,1375,1265,70,1.692308,85,7.083333,0,0,-40,1.375,0,2.361111,0,0,672,4,0,0,95.64,-0.03,0.24,0.41,2.5,2.55519474531068
sa19603.14-step4,sa19603.14,Unstab,0.0075,FreezeThaw,1375,1265,70,1.692308,85,7.083333,0,0,-40,1.375,0,2.361111,0,0,672,4,0,0,95.82,-0.06,0.13,0.18,1.9,3.34340366549847
sa19603.18-step4,sa19603.18,Unstab,0.0075,HotQUV,1440,1440,70,NA,20,NA,1.55,NA,NA,NA,NA,NA,NA,NA,672,4,1.55,146.7312,95.36,-0.83,2.89,4.82,2.2,7.90454544953603
sa19603.19-step4,sa19603.19,Unstab,0.0075,HotQUV,1440,1440,70,NA,20,NA,1.55,NA,NA,NA,NA,NA,NA,NA,672,4,1.55,146.7312,95.25,-0.84,2.96,4.96,2.4,8.71136610681302
sa19603.20-step4,sa19603.20,Unstab,0.0075,HotQUV,1440,1440,70,NA,20,NA,1.55,NA,NA,NA,NA,NA,NA,NA,672,4,1.55,146.7312,95.3,-0.83,2.91,4.87,2.4,8.18819568427781
sa19603.21-step4,sa19603.21,Unstab,0.0075,HotQUV,1440,1440,70,NA,20,NA,1.55,NA,NA,NA,NA,NA,NA,NA,672,4,1.55,146.7312,95.36,-0.82,2.85,4.77,2.3,7.62589521479424
sa19603.25-step4,sa19603.25,Unstab,0.0075,CyclicQUV,720,480,70,1.333333,20,5.333333,1.55,1.55,50,1,100,80,0,1.55,672,4,1.55,97.8208,95.06,-0.72,2.43,4.06,11.6,4.20866188146091
sa19603.26-step4,sa19603.26,Unstab,0.0075,CyclicQUV,720,480,70,1.333333,20,5.333333,1.55,1.55,50,1,100,80,0,1.55,672,4,1.55,97.8208,95.2,-0.64,2.45,4.16,13.9,4.62896235094448
sa19603.27-step4,sa19603.27,Unstab,0.0075,CyclicQUV,720,480,70,1.333333,20,5.333333,1.55,1.55,50,1,100,80,0,1.55,672,4,1.55,97.8208,95.9,-0.68,2.48,4.16,10.5,4.62896235094448
sa19603.28-step4,sa19603.28,Unstab,0.0075,CyclicQUV,720,480,70,1.333333,20,5.333333,1.55,1.55,50,1,100,80,0,1.55,672,4,1.55,97.8208,95.6,-0.69,2.37,3.96,8.9,3.80836141197734
sa19603.05-step5,sa19603.05,Unstab,0.0075,DampHeat,1440,1440,85,NA,85,NA,0,0,NA,NA,NA,NA,0,0,840,5,0,0,95.54,-0.06,0.35,0.6,6.6,1.98386563732945
sa19603.06-step5,sa19603.06,Unstab,0.0075,DampHeat,1440,1440,85,NA,85,NA,0,0,NA,NA,NA,NA,0,0,840,5,0,0,95.56,-0.05,0.35,0.61,6,1.95579568427781
sa19603.07-step5,sa19603.07,Unstab,0.0075,DampHeat,1440,1440,85,NA,85,NA,0,0,NA,NA,NA,NA,0,0,840,5,0,0,95.47,-0.04,0.38,0.68,6.1,1.76490601291631
sa19603.12-step5,sa19603.12,Unstab,0.0075,FreezeThaw,1375,1265,70,1.692308,85,7.083333,0,0,-40,1.375,0,2.361111,0,0,840,5,0,0,95.62,-0.06,0.22,0.36,3.3,2.71754451056889
sa19603.13-step5,sa19603.13,Unstab,0.0075,FreezeThaw,1375,1265,70,1.692308,85,7.083333,0,0,-40,1.375,0,2.361111,0,0,840,5,0,0,95.57,-0.04,0.26,0.44,3.1,2.46018488615575
sa19603.14-step5,sa19603.14,Unstab,0.0075,FreezeThaw,1375,1265,70,1.692308,85,7.083333,0,0,-40,1.375,0,2.361111,0,0,840,5,0,0,95.76,-0.06,0.15,0.22,2.7,3.1987238532919
sa19603.19-step5,sa19603.19,Unstab,0.0075,HotQUV,1440,1440,70,NA,20,NA,1.55,NA,NA,NA,NA,NA,NA,NA,840,5,1.55,183.414,95.15,-0.93,3.46,5.82,2.3,14.5275501443717
sa19603.20-step5,sa19603.20,Unstab,0.0075,HotQUV,1440,1440,70,NA,20,NA,1.55,NA,NA,NA,NA,NA,NA,NA,840,5,1.55,183.414,95.16,-0.94,3.46,5.82,3.1,14.5275501443717
sa19603.21-step5,sa19603.21,Unstab,0.0075,HotQUV,1440,1440,70,NA,20,NA,1.55,NA,NA,NA,NA,NA,NA,NA,840,5,1.55,183.414,95.15,-0.95,3.48,5.84,3.1,14.6804102382684
sa19603.26-step5,sa19603.26,Unstab,0.0075,CyclicQUV,720,480,70,1.333333,20,5.333333,1.55,1.55,50,1,100,80,0,1.55,840,5,1.55,122.276,94.06,-0.85,3.25,5.55,22.4,12.5422388767661
sa19603.27-step5,sa19603.27,Unstab,0.0075,CyclicQUV,720,480,70,1.333333,20,5.333333,1.55,1.55,50,1,100,80,0,1.55,840,5,1.55,122.276,93.44,-0.92,3.41,5.83,24.1,14.6038801913201
sa19603.28-step5,sa19603.28,Unstab,0.0075,CyclicQUV,720,480,70,1.333333,20,5.333333,1.55,1.55,50,1,100,80,0,1.55,840,5,1.55,122.276,93.8,-0.86,3.07,5.21,18.9,10.2496172805219
sa19603.06-step6,sa19603.06,Unstab,0.0075,DampHeat,1440,1440,85,NA,85,NA,0,0,NA,NA,NA,NA,0,0,1008,6,0,0,95.51,-0.05,0.38,0.67,6.6,1.79157596596795
sa19603.07-step6,sa19603.07,Unstab,0.0075,DampHeat,1440,1440,85,NA,85,NA,0,0,NA,NA,NA,NA,0,0,1008,6,0,0,95.54,-0.05,0.39,0.69,5,1.73843605986467
sa19603.13-step6,sa19603.13,Unstab,0.0075,FreezeThaw,1375,1265,70,1.692308,85,7.083333,0,0,-40,1.375,0,2.361111,0,0,1008,6,0,0,95.65,-0.03,0.24,0.41,2.7,2.55519474531068
sa19603.14-step6,sa19603.14,Unstab,0.0075,FreezeThaw,1375,1265,70,1.692308,85,7.083333,0,0,-40,1.375,0,2.361111,0,0,1008,6,0,0,95.75,-0.03,0.16,0.27,3,3.02237408803368
sa19603.20-step6,sa19603.20,Unstab,0.0075,HotQUV,1440,1440,70,NA,20,NA,1.55,NA,NA,NA,NA,NA,NA,NA,1008,6,1.55,220.0968,94.9,-1.1,4.15,7,2.3,24.9150956842778
sa19603.21-step6,sa19603.21,Unstab,0.0075,HotQUV,1440,1440,70,NA,20,NA,1.55,NA,NA,NA,NA,NA,NA,NA,1008,6,1.55,220.0968,95.01,-1.1,4.17,7.01,4.1,25.0150257312262
sa19603.27-step6,sa19603.27,Unstab,0.0075,CyclicQUV,720,480,70,1.333333,20,5.333333,1.55,1.55,50,1,100,80,0,1.55,1008,6,1.55,146.7312,91.55,-1.01,3.73,6.47,36.7,19.9050031960149
sa19603.28-step6,sa19603.28,Unstab,0.0075,CyclicQUV,720,480,70,1.333333,20,5.333333,1.55,1.55,50,1,100,80,0,1.55,1008,6,1.55,146.7312,91.65,-1,3.58,6.19,32.5,17.4849618814609
sa19603.07-step7,sa19603.07,Unstab,0.0075,DampHeat,1440,1440,85,NA,85,NA,0,0,NA,NA,NA,NA,0,0,1176,7,0,0,95.69,-0.08,0.45,0.78,4.5,1.50920648239988
sa19603.14-step7,sa19603.14,Unstab,0.0075,FreezeThaw,1375,1265,70,1.692308,85,7.083333,0,0,-40,1.375,0,2.361111,0,0,1176,7,0,0,95.76,-0.03,0.18,0.29,3.5,2.95323418193039
sa19603.21-step7,sa19603.21,Unstab,0.0075,HotQUV,1440,1440,70,NA,20,NA,1.55,NA,NA,NA,NA,NA,NA,NA,1176,7,1.55,256.7796,94.89,-1.14,4.39,7.4,3.4,29.0682975622121
sa19603.28-step7,sa19603.28,Unstab,0.0075,CyclicQUV,720,480,70,1.333333,20,5.333333,1.55,1.55,50,1,100,80,0,1.55,1176,7,1.55,171.1864,90.04,-1.03,3.99,7.05,47,25.4167459190196
sa19604.00-step0,sa19604.00,UVStab,0.005,Baseline,NA,NA,NA,NA,NA,NA,NA,NA,NA,NA,NA,NA,NA,NA,0,0,NA,NA,95.32,-0.02,0.55,1.02,0.6,0.97712760916044
sa19604.01-step0,sa19604.01,UVStab,0.005,DampHeat,1440,1440,85,NA,85,NA,0,0,NA,NA,NA,NA,0,0,0,0,0,0,95.31,-0.03,0.56,1.04,0.6,0.937987703057154
sa19604.02-step0,sa19604.02,UVStab,0.005,DampHeat,1440,1440,85,NA,85,NA,0,0,NA,NA,NA,NA,0,0,0,0,0,0,95.34,-0.03,0.55,1.01,0.8,0.996997562212083
sa19604.03-step0,sa19604.03,UVStab,0.005,DampHeat,1440,1440,85,NA,85,NA,0,0,NA,NA,NA,NA,0,0,0,0,0,0,95.21,-0.03,0.66,1.21,0.5,0.637598501179219
sa19604.04-step0,sa19604.04,UVStab,0.005,DampHeat,1440,1440,85,NA,85,NA,0,0,NA,NA,NA,NA,0,0,0,0,0,0,95.17,-0.03,0.67,1.24,0.7,0.59058864202429
sa19604.05-step0,sa19604.05,UVStab,0.005,DampHeat,1440,1440,85,NA,85,NA,0,0,NA,NA,NA,NA,0,0,0,0,0,0,95.21,-0.03,0.62,1.15,0.9,0.737018219489079
sa19604.06-step0,sa19604.06,UVStab,0.005,DampHeat,1440,1440,85,NA,85,NA,0,0,NA,NA,NA,NA,0,0,0,0,0,0,95.2,-0.03,0.64,1.19,0.6,0.669938407282506
sa19604.07-step0,sa19604.07,UVStab,0.005,DampHeat,1440,1440,85,NA,85,NA,0,0,NA,NA,NA,NA,0,0,0,0,0,0,95.23,-0.04,0.63,1.17,0.5,0.703078313385792
sa19604.08-step0,sa19604.08,UVStab,0.005,FreezeThaw,1375,1265,70,1.692308,85,7.083333,0,0,-40,1.375,0,2.361111,0,0,0,0,0,0,95.22,0.01,0.61,1.16,0.6,0.719948266437435
sa19604.09-step0,sa19604.09,UVStab,0.005,FreezeThaw,1375,1265,70,1.692308,85,7.083333,0,0,-40,1.375,0,2.361111,0,0,0,0,0,0,95.26,-0.03,0.63,1.17,0.5,0.703078313385792
sa19604.10-step0,sa19604.10,UVStab,0.005,FreezeThaw,1375,1265,70,1.692308,85,7.083333,0,0,-40,1.375,0,2.361111,0,0,0,0,0,0,95.28,-0.03,0.62,1.14,0.7,0.754288172540722
sa19604.11-step0,sa19604.11,UVStab,0.005,FreezeThaw,1375,1265,70,1.692308,85,7.083333,0,0,-40,1.375,0,2.361111,0,0,0,0,0,0,95.24,-0.03,0.64,1.19,0.6,0.669938407282506
sa19604.12-step0,sa19604.12,UVStab,0.005,FreezeThaw,1375,1265,70,1.692308,85,7.083333,0,0,-40,1.375,0,2.361111,0,0,0,0,0,0,95.27,-0.03,0.62,1.14,0.6,0.754288172540722
sa19604.13-step0,sa19604.13,UVStab,0.005,FreezeThaw,1375,1265,70,1.692308,85,7.083333,0,0,-40,1.375,0,2.361111,0,0,0,0,0,0,95.23,-0.03,0.63,1.18,0.4,0.686408360334149
sa19604.14-step0,sa19604.14,UVStab,0.005,FreezeThaw,1375,1265,70,1.692308,85,7.083333,0,0,-40,1.375,0,2.361111,0,0,0,0,0,0,95.24,-0.03,0.64,1.17,0.5,0.703078313385792
sa19604.15-step0,sa19604.15,UVStab,0.005,HotQUV,1440,1440,70,NA,20,NA,1.55,NA,NA,NA,NA,NA,NA,NA,0,0,1.55,0,95.22,-0.03,0.63,1.16,0.7,0.719948266437435
sa19604.16-step0,sa19604.16,UVStab,0.005,HotQUV,1440,1440,70,NA,20,NA,1.55,NA,NA,NA,NA,NA,NA,NA,0,0,1.55,0,95.21,-0.04,0.66,1.22,0.6,0.621728548127576
sa19604.17-step0,sa19604.17,UVStab,0.005,HotQUV,1440,1440,70,NA,20,NA,1.55,NA,NA,NA,NA,NA,NA,NA,0,0,1.55,0,95.21,-0.02,0.65,1.22,0.4,0.621728548127576
sa19604.18-step0,sa19604.18,UVStab,0.005,HotQUV,1440,1440,70,NA,20,NA,1.55,NA,NA,NA,NA,NA,NA,NA,0,0,1.55,0,95.22,-0.03,0.63,1.17,0.5,0.703078313385792
sa19604.19-step0,sa19604.19,UVStab,0.005,HotQUV,1440,1440,70,NA,20,NA,1.55,NA,NA,NA,NA,NA,NA,NA,0,0,1.55,0,95.2,-0.03,0.64,1.18,0.7,0.686408360334149
sa19604.20-step0,sa19604.20,UVStab,0.005,HotQUV,1440,1440,70,NA,20,NA,1.55,NA,NA,NA,NA,NA,NA,NA,0,0,1.55,0,95.22,-0.02,0.63,1.17,0.5,0.703078313385792
sa19604.21-step0,sa19604.21,UVStab,0.005,HotQUV,1440,1440,70,NA,20,NA,1.55,NA,NA,NA,NA,NA,NA,NA,0,0,1.55,0,95.17,-0.03,0.65,1.21,0.5,0.637598501179219
sa19604.22-step0,sa19604.22,UVStab,0.005,CyclicQUV,720,480,70,1.333333,20,5.333333,1.55,1.55,50,1,100,80,0,1.55,0,0,1.55,0,95.25,-0.03,0.62,1.15,0.5,0.737018219489079
sa19604.23-step0,sa19604.23,UVStab,0.005,CyclicQUV,720,480,70,1.333333,20,5.333333,1.55,1.55,50,1,100,80,0,1.55,0,0,1.55,0,95.15,-0.04,0.67,1.24,0.5,0.59058864202429
sa19604.24-step0,sa19604.24,UVStab,0.005,CyclicQUV,720,480,70,1.333333,20,5.333333,1.55,1.55,50,1,100,80,0,1.55,0,0,1.55,0,95.24,-0.03,0.63,1.16,0.5,0.719948266437435
sa19604.25-step0,sa19604.25,UVStab,0.005,CyclicQUV,720,480,70,1.333333,20,5.333333,1.55,1.55,50,1,100,80,0,1.55,0,0,1.55,0,95.19,-0.03,0.62,1.16,0.5,0.719948266437435
sa19604.26-step0,sa19604.26,UVStab,0.005,CyclicQUV,720,480,70,1.333333,20,5.333333,1.55,1.55,50,1,100,80,0,1.55,0,0,1.55,0,95.27,-0.03,0.6,1.1,0.6,0.825367984747294
sa19604.27-step0,sa19604.27,UVStab,0.005,CyclicQUV,720,480,70,1.333333,20,5.333333,1.55,1.55,50,1,100,80,0,1.55,0,0,1.55,0,95.25,-0.05,0.62,1.14,0.4,0.754288172540722
sa19604.28-step0,sa19604.28,UVStab,0.005,CyclicQUV,720,480,70,1.333333,20,5.333333,1.55,1.55,50,1,100,80,0,1.55,0,0,1.55,0,95.28,-0.02,0.6,1.12,0.6,0.789428078644008
sa19604.29-step0,sa19604.29,UVStab,0.005,Baseline,NA,NA,NA,NA,NA,NA,NA,NA,NA,NA,NA,NA,NA,NA,0,0,NA,NA,95.19,-0.02,0.66,1.23,0.7,0.606058595075933
sa19604.01-step1,sa19604.01,UVStab,0.005,DampHeat,1440,1440,85,NA,85,NA,0,0,NA,NA,NA,NA,0,0,168,1,0,0,95.02,0.01,0.65,1.24,4.8,0.59058864202429
sa19604.02-step1,sa19604.02,UVStab,0.005,DampHeat,1440,1440,85,NA,85,NA,0,0,NA,NA,NA,NA,0,0,168,1,0,0,95.07,0.01,0.63,1.21,4.2,0.637598501179219
sa19604.03-step1,sa19604.03,UVStab,0.005,DampHeat,1440,1440,85,NA,85,NA,0,0,NA,NA,NA,NA,0,0,168,1,0,0,95.12,0.01,0.66,1.26,4.2,0.560248735921003
sa19604.04-step1,sa19604.04,UVStab,0.005,DampHeat,1440,1440,85,NA,85,NA,0,0,NA,NA,NA,NA,0,0,168,1,0,0,95.06,0.01,0.65,1.24,4.3,0.59058864202429
sa19604.05-step1,sa19604.05,UVStab,0.005,DampHeat,1440,1440,85,NA,85,NA,0,0,NA,NA,NA,NA,0,0,168,1,0,0,95.11,0.03,0.62,1.2,4.1,0.653668454230863
sa19604.06-step1,sa19604.06,UVStab,0.005,DampHeat,1440,1440,85,NA,85,NA,0,0,NA,NA,NA,NA,0,0,168,1,0,0,95.08,0.01,0.65,1.24,4.5,0.59058864202429
sa19604.07-step1,sa19604.07,UVStab,0.005,DampHeat,1440,1440,85,NA,85,NA,0,0,NA,NA,NA,NA,0,0,168,1,0,0,95.05,0.01,0.66,1.26,4.4,0.560248735921003
sa19604.08-step1,sa19604.08,UVStab,0.005,FreezeThaw,1375,1265,70,1.692308,85,7.083333,0,0,-40,1.375,0,2.361111,0,0,168,1,0,0,95.14,-0.01,0.57,1.06,1.7,0.899647796953867
sa19604.09-step1,sa19604.09,UVStab,0.005,FreezeThaw,1375,1265,70,1.692308,85,7.083333,0,0,-40,1.375,0,2.361111,0,0,168,1,0,0,95.18,0.01,0.6,1.14,1.8,0.754288172540722
sa19604.10-step1,sa19604.10,UVStab,0.005,FreezeThaw,1375,1265,70,1.692308,85,7.083333,0,0,-40,1.375,0,2.361111,0,0,168,1,0,0,95.29,0.01,0.51,0.96,1.6,1.0993473274703
sa19604.11-step1,sa19604.11,UVStab,0.005,FreezeThaw,1375,1265,70,1.692308,85,7.083333,0,0,-40,1.375,0,2.361111,0,0,168,1,0,0,95.25,-0.02,0.57,1.05,1.8,0.91871775000551
sa19604.12-step1,sa19604.12,UVStab,0.005,FreezeThaw,1375,1265,70,1.692308,85,7.083333,0,0,-40,1.375,0,2.361111,0,0,168,1,0,0,95.24,0,0.56,1.05,1.2,0.91871775000551
sa19604.13-step1,sa19604.13,UVStab,0.005,FreezeThaw,1375,1265,70,1.692308,85,7.083333,0,0,-40,1.375,0,2.361111,0,0,168,1,0,0,95.21,-0.02,0.57,1.06,1.7,0.899647796953867
sa19604.14-step1,sa19604.14,UVStab,0.005,FreezeThaw,1375,1265,70,1.692308,85,7.083333,0,0,-40,1.375,0,2.361111,0,0,168,1,0,0,95.26,-0.02,0.57,1.06,1.8,0.899647796953867
sa19604.15-step1,sa19604.15,UVStab,0.005,HotQUV,1440,1440,70,NA,20,NA,1.55,NA,NA,NA,NA,NA,NA,NA,168,1,1.55,36.6828,95.24,-0.1,0.75,1.34,5.8,0.446889111507858
sa19604.16-step1,sa19604.16,UVStab,0.005,HotQUV,1440,1440,70,NA,20,NA,1.55,NA,NA,NA,NA,NA,NA,NA,168,1,1.55,36.6828,95.28,-0.1,0.75,1.34,1.4,0.446889111507858
sa19604.17-step1,sa19604.17,UVStab,0.005,HotQUV,1440,1440,70,NA,20,NA,1.55,NA,NA,NA,NA,NA,NA,NA,168,1,1.55,36.6828,95.24,-0.12,0.75,1.33,1.3,0.460359064559501
sa19604.18-step1,sa19604.18,UVStab,0.005,HotQUV,1440,1440,70,NA,20,NA,1.55,NA,NA,NA,NA,NA,NA,NA,168,1,1.55,36.6828,95.29,-0.12,0.71,1.25,2.4,0.575318688972646
sa19604.19-step1,sa19604.19,UVStab,0.005,HotQUV,1440,1440,70,NA,20,NA,1.55,NA,NA,NA,NA,NA,NA,NA,168,1,1.55,36.6828,95.26,-0.1,0.69,1.23,1.5,0.606058595075933
sa19604.20-step1,sa19604.20,UVStab,0.005,HotQUV,1440,1440,70,NA,20,NA,1.55,NA,NA,NA,NA,NA,NA,NA,168,1,1.55,36.6828,95.31,-0.11,0.76,1.36,3.4,0.420549205404571
sa19604.21-step1,sa19604.21,UVStab,0.005,HotQUV,1440,1440,70,NA,20,NA,1.55,NA,NA,NA,NA,NA,NA,NA,168,1,1.55,36.6828,95.21,-0.1,0.79,1.42,3.1,0.346329487094712
sa19604.22-step1,sa19604.22,UVStab,0.005,CyclicQUV,720,480,70,1.333333,20,5.333333,1.55,1.55,50,1,100,80,0,1.55,168,1,1.55,24.4552,95.25,-0.08,0.62,1.1,1.3,0.825367984747294
sa19604.23-step1,sa19604.23,UVStab,0.005,CyclicQUV,720,480,70,1.333333,20,5.333333,1.55,1.55,50,1,100,80,0,1.55,168,1,1.55,24.4552,95.15,-0.06,0.62,1.13,1.7,0.771758125592365
sa19604.24-step1,sa19604.24,UVStab,0.005,CyclicQUV,720,480,70,1.333333,20,5.333333,1.55,1.55,50,1,100,80,0,1.55,168,1,1.55,24.4552,95.23,-0.06,0.63,1.15,1.3,0.737018219489079
sa19604.25-step1,sa19604.25,UVStab,0.005,CyclicQUV,720,480,70,1.333333,20,5.333333,1.55,1.55,50,1,100,80,0,1.55,168,1,1.55,24.4552,95.11,-0.08,0.66,1.19,4,0.669938407282506
sa19604.26-step1,sa19604.26,UVStab,0.005,CyclicQUV,720,480,70,1.333333,20,5.333333,1.55,1.55,50,1,100,80,0,1.55,168,1,1.55,24.4552,95.16,-0.06,0.64,1.16,1.5,0.719948266437435
sa19604.27-step1,sa19604.27,UVStab,0.005,CyclicQUV,720,480,70,1.333333,20,5.333333,1.55,1.55,50,1,100,80,0,1.55,168,1,1.55,24.4552,95.22,-0.09,0.64,1.15,1.5,0.737018219489079
sa19604.28-step1,sa19604.28,UVStab,0.005,CyclicQUV,720,480,70,1.333333,20,5.333333,1.55,1.55,50,1,100,80,0,1.55,168,1,1.55,24.4552,95.23,-0.07,0.64,1.15,1,0.737018219489079
sa19604.02-step2,sa19604.02,UVStab,0.005,DampHeat,1440,1440,85,NA,85,NA,0,0,NA,NA,NA,NA,0,0,336,2,0,0,95.13,0,0.6,1.13,3.1,0.771758125592365
sa19604.03-step2,sa19604.03,UVStab,0.005,DampHeat,1440,1440,85,NA,85,NA,0,0,NA,NA,NA,NA,0,0,336,2,0,0,95.03,0.01,0.67,1.27,4.9,0.54537878286936
sa19604.04-step2,sa19604.04,UVStab,0.005,DampHeat,1440,1440,85,NA,85,NA,0,0,NA,NA,NA,NA,0,0,336,2,0,0,95.11,0.03,0.62,1.19,4.3,0.669938407282506
sa19604.05-step2,sa19604.05,UVStab,0.005,DampHeat,1440,1440,85,NA,85,NA,0,0,NA,NA,NA,NA,0,0,336,2,0,0,95.01,0.02,0.68,1.31,5.7,0.487898970662787
sa19604.06-step2,sa19604.06,UVStab,0.005,DampHeat,1440,1440,85,NA,85,NA,0,0,NA,NA,NA,NA,0,0,336,2,0,0,95.03,0.02,0.65,1.24,5.2,0.59058864202429
sa19604.07-step2,sa19604.07,UVStab,0.005,DampHeat,1440,1440,85,NA,85,NA,0,0,NA,NA,NA,NA,0,0,336,2,0,0,95.03,0.01,0.65,1.23,5.7,0.606058595075933
sa19604.09-step2,sa19604.09,UVStab,0.005,FreezeThaw,1375,1265,70,1.692308,85,7.083333,0,0,-40,1.375,0,2.361111,0,0,336,2,0,0,95.15,0.01,0.62,1.18,2.3,0.686408360334149
sa19604.10-step2,sa19604.10,UVStab,0.005,FreezeThaw,1375,1265,70,1.692308,85,7.083333,0,0,-40,1.375,0,2.361111,0,0,336,2,0,0,95.33,-0.01,0.53,1,1.9,1.01706751526373
sa19604.11-step2,sa19604.11,UVStab,0.005,FreezeThaw,1375,1265,70,1.692308,85,7.083333,0,0,-40,1.375,0,2.361111,0,0,336,2,0,0,95.17,-0.01,0.61,1.14,2.8,0.754288172540722
sa19604.12-step2,sa19604.12,UVStab,0.005,FreezeThaw,1375,1265,70,1.692308,85,7.083333,0,0,-40,1.375,0,2.361111,0,0,336,2,0,0,95.2,-0.01,0.58,1.09,1.7,0.843637937798937
sa19604.13-step2,sa19604.13,UVStab,0.005,FreezeThaw,1375,1265,70,1.692308,85,7.083333,0,0,-40,1.375,0,2.361111,0,0,336,2,0,0,95.18,0,0.57,1.07,1.9,0.880777843902224
sa19604.14-step2,sa19604.14,UVStab,0.005,FreezeThaw,1375,1265,70,1.692308,85,7.083333,0,0,-40,1.375,0,2.361111,0,0,336,2,0,0,95.22,0,0.57,1.08,1.7,0.862107890850581
sa19604.16-step2,sa19604.16,UVStab,0.005,HotQUV,1440,1440,70,NA,20,NA,1.55,NA,NA,NA,NA,NA,NA,NA,336,2,1.55,73.3656,95.49,-0.26,1.06,1.81,2.4,0.0394013180806277
sa19604.17-step2,sa19604.17,UVStab,0.005,HotQUV,1440,1440,70,NA,20,NA,1.55,NA,NA,NA,NA,NA,NA,NA,336,2,1.55,73.3656,95.24,-0.26,1.2,2.07,1.4,0.00378253873790472
sa19604.18-step2,sa19604.18,UVStab,0.005,HotQUV,1440,1440,70,NA,20,NA,1.55,NA,NA,NA,NA,NA,NA,NA,336,2,1.55,73.3656,95.23,-0.25,1.2,2.09,4.3,0.00664263263461833
sa19604.19-step2,sa19604.19,UVStab,0.005,HotQUV,1440,1440,70,NA,20,NA,1.55,NA,NA,NA,NA,NA,NA,NA,336,2,1.55,73.3656,95.33,-0.26,1.16,2,1.4,7.22100994070841e-05
sa19604.20-step2,sa19604.20,UVStab,0.005,HotQUV,1440,1440,70,NA,20,NA,1.55,NA,NA,NA,NA,NA,NA,NA,336,2,1.55,73.3656,95.36,-0.25,1.13,1.95,3.2,0.00342197535762305
sa19604.21-step2,sa19604.21,UVStab,0.005,HotQUV,1440,1440,70,NA,20,NA,1.55,NA,NA,NA,NA,NA,NA,NA,336,2,1.55,73.3656,95.22,-0.23,1.14,1.99,2.8,0.000342163151050277
sa19604.23-step2,sa19604.23,UVStab,0.005,CyclicQUV,720,480,70,1.333333,20,5.333333,1.55,1.55,50,1,100,80,0,1.55,336,2,1.55,48.9104,95.44,-0.17,0.88,1.53,2.2,0.228960003526637
sa19604.24-step2,sa19604.24,UVStab,0.005,CyclicQUV,720,480,70,1.333333,20,5.333333,1.55,1.55,50,1,100,80,0,1.55,336,2,1.55,48.9104,95.32,-0.17,0.91,1.6,2.3,0.166870332165135
sa19604.25-step2,sa19604.25,UVStab,0.005,CyclicQUV,720,480,70,1.333333,20,5.333333,1.55,1.55,50,1,100,80,0,1.55,336,2,1.55,48.9104,95.16,-0.15,0.99,1.76,4.9,0.0617510833388437
sa19604.26-step2,sa19604.26,UVStab,0.005,CyclicQUV,720,480,70,1.333333,20,5.333333,1.55,1.55,50,1,100,80,0,1.55,336,2,1.55,48.9104,95.27,-0.16,0.94,1.65,2,0.128520566906919
sa19604.27-step2,sa19604.27,UVStab,0.005,CyclicQUV,720,480,70,1.333333,20,5.333333,1.55,1.55,50,1,100,80,0,1.55,336,2,1.55,48.9104,95.23,-0.17,0.95,1.67,3.4,0.114580660803632
sa19604.28-step2,sa19604.28,UVStab,0.005,CyclicQUV,720,480,70,1.333333,20,5.333333,1.55,1.55,50,1,100,80,0,1.55,336,2,1.55,48.9104,95.22,-0.17,0.97,1.71,3,0.0891008485970597
sa19604.03-step3,sa19604.03,UVStab,0.005,DampHeat,1440,1440,85,NA,85,NA,0,0,NA,NA,NA,NA,0,0,504,3,0,0,95.12,0.02,0.67,1.29,5.6,0.516238876766074
sa19604.04-step3,sa19604.04,UVStab,0.005,DampHeat,1440,1440,85,NA,85,NA,0,0,NA,NA,NA,NA,0,0,504,3,0,0,95.05,0.03,0.69,1.33,6.9,0.460359064559501
sa19604.05-step3,sa19604.05,UVStab,0.005,DampHeat,1440,1440,85,NA,85,NA,0,0,NA,NA,NA,NA,0,0,504,3,0,0,95.05,0.03,0.7,1.34,7.9,0.446889111507858
sa19604.06-step3,sa19604.06,UVStab,0.005,DampHeat,1440,1440,85,NA,85,NA,0,0,NA,NA,NA,NA,0,0,504,3,0,0,95.04,0.02,0.7,1.34,6.8,0.446889111507858
sa19604.07-step3,sa19604.07,UVStab,0.005,DampHeat,1440,1440,85,NA,85,NA,0,0,NA,NA,NA,NA,0,0,504,3,0,0,95.1,0.02,0.66,1.27,6.1,0.54537878286936
sa19604.10-step3,sa19604.10,UVStab,0.005,FreezeThaw,1375,1265,70,1.692308,85,7.083333,0,0,-40,1.375,0,2.361111,0,0,504,3,0,0,95.27,-0.01,0.57,1.06,1.9,0.899647796953867
sa19604.11-step3,sa19604.11,UVStab,0.005,FreezeThaw,1375,1265,70,1.692308,85,7.083333,0,0,-40,1.375,0,2.361111,0,0,504,3,0,0,95.22,-0.03,0.6,1.1,2.1,0.825367984747294
sa19604.12-step3,sa19604.12,UVStab,0.005,FreezeThaw,1375,1265,70,1.692308,85,7.083333,0,0,-40,1.375,0,2.361111,0,0,504,3,0,0,95.18,-0.01,0.59,1.11,1.8,0.807298031695651
sa19604.13-step3,sa19604.13,UVStab,0.005,FreezeThaw,1375,1265,70,1.692308,85,7.083333,0,0,-40,1.375,0,2.361111,0,0,504,3,0,0,95.23,-0.02,0.59,1.1,1.7,0.825367984747294
sa19604.14-step3,sa19604.14,UVStab,0.005,FreezeThaw,1375,1265,70,1.692308,85,7.083333,0,0,-40,1.375,0,2.361111,0,0,504,3,0,0,95.24,-0.02,0.57,1.06,1.9,0.899647796953867
sa19604.17-step3,sa19604.17,UVStab,0.005,HotQUV,1440,1440,70,NA,20,NA,1.55,NA,NA,NA,NA,NA,NA,NA,504,3,1.55,110.0484,95.29,-0.42,1.6,2.71,1.5,0.49210554343274
sa19604.18-step3,sa19604.18,UVStab,0.005,HotQUV,1440,1440,70,NA,20,NA,1.55,NA,NA,NA,NA,NA,NA,NA,504,3,1.55,110.0484,95.29,-0.42,1.6,2.73,1.5,0.520565637329454
sa19604.19-step3,sa19604.19,UVStab,0.005,HotQUV,1440,1440,70,NA,20,NA,1.55,NA,NA,NA,NA,NA,NA,NA,504,3,1.55,110.0484,95.33,-0.41,1.62,2.75,1.4,0.549825731226168
sa19604.20-step3,sa19604.20,UVStab,0.005,HotQUV,1440,1440,70,NA,20,NA,1.55,NA,NA,NA,NA,NA,NA,NA,504,3,1.55,110.0484,95.3,-0.42,1.63,2.77,1.4,0.579885825122881
sa19604.21-step3,sa19604.21,UVStab,0.005,HotQUV,1440,1440,70,NA,20,NA,1.55,NA,NA,NA,NA,NA,NA,NA,504,3,1.55,110.0484,95.29,-0.41,1.57,2.67,3.3,0.437585355639313
sa19604.24-step3,sa19604.24,UVStab,0.005,CyclicQUV,720,480,70,1.333333,20,5.333333,1.55,1.55,50,1,100,80,0,1.55,504,3,1.55,73.3656,95.16,-0.26,1.24,2.15,4.9,0.0200229143247592
sa19604.25-step3,sa19604.25,UVStab,0.005,CyclicQUV,720,480,70,1.333333,20,5.333333,1.55,1.55,50,1,100,80,0,1.55,504,3,1.55,73.3656,95.25,-0.26,1.16,2,2,7.22100994070841e-05
sa19604.26-step3,sa19604.26,UVStab,0.005,CyclicQUV,720,480,70,1.333333,20,5.333333,1.55,1.55,50,1,100,80,0,1.55,504,3,1.55,73.3656,95.22,-0.26,1.19,2.05,1.9,0.00172244484119111
sa19604.27-step3,sa19604.27,UVStab,0.005,CyclicQUV,720,480,70,1.333333,20,5.333333,1.55,1.55,50,1,100,80,0,1.55,504,3,1.55,73.3656,95.23,-0.27,1.2,2.07,2,0.00378253873790472
sa19604.28-step3,sa19604.28,UVStab,0.005,CyclicQUV,720,480,70,1.333333,20,5.333333,1.55,1.55,50,1,100,80,0,1.55,504,3,1.55,73.3656,95.26,-0.27,1.15,1.99,1.7,0.000342163151050277
sa19604.04-step4,sa19604.04,UVStab,0.005,DampHeat,1440,1440,85,NA,85,NA,0,0,NA,NA,NA,NA,0,0,672,4,0,0,94.89,0.04,0.81,1.58,9.3,0.183610238268421
sa19604.05-step4,sa19604.05,UVStab,0.005,DampHeat,1440,1440,85,NA,85,NA,0,0,NA,NA,NA,NA,0,0,672,4,0,0,95.07,0.02,0.73,1.39,7.3,0.382539346249642
sa19604.06-step4,sa19604.06,UVStab,0.005,DampHeat,1440,1440,85,NA,85,NA,0,0,NA,NA,NA,NA,0,0,672,4,0,0,94.94,0.03,0.74,1.44,8.5,0.323189580991426
sa19604.07-step4,sa19604.07,UVStab,0.005,DampHeat,1440,1440,85,NA,85,NA,0,0,NA,NA,NA,NA,0,0,672,4,0,0,94.97,0.04,0.76,1.46,8,0.30084967488814
sa19604.11-step4,sa19604.11,UVStab,0.005,FreezeThaw,1375,1265,70,1.692308,85,7.083333,0,0,-40,1.375,0,2.361111,0,0,672,4,0,0,95.2,0,0.6,1.13,2.8,0.771758125592365
sa19604.12-step4,sa19604.12,UVStab,0.005,FreezeThaw,1375,1265,70,1.692308,85,7.083333,0,0,-40,1.375,0,2.361111,0,0,672,4,0,0,95.15,0.01,0.6,1.14,2.3,0.754288172540722
sa19604.13-step4,sa19604.13,UVStab,0.005,FreezeThaw,1375,1265,70,1.692308,85,7.083333,0,0,-40,1.375,0,2.361111,0,0,672,4,0,0,95.22,0.01,0.57,1.08,2.1,0.862107890850581
sa19604.14-step4,sa19604.14,UVStab,0.005,FreezeThaw,1375,1265,70,1.692308,85,7.083333,0,0,-40,1.375,0,2.361111,0,0,672,4,0,0,95.26,0.01,0.57,1.08,2.1,0.862107890850581
sa19604.18-step4,sa19604.18,UVStab,0.005,HotQUV,1440,1440,70,NA,20,NA,1.55,NA,NA,NA,NA,NA,NA,NA,672,4,1.55,146.7312,95.3,-0.5,2.03,3.46,1.9,2.1068590645595
sa19604.19-step4,sa19604.19,UVStab,0.005,HotQUV,1440,1440,70,NA,20,NA,1.55,NA,NA,NA,NA,NA,NA,NA,672,4,1.55,146.7312,95.29,-0.51,2.04,3.48,2,2.16531915845621
sa19604.20-step4,sa19604.20,UVStab,0.005,HotQUV,1440,1440,70,NA,20,NA,1.55,NA,NA,NA,NA,NA,NA,NA,672,4,1.55,146.7312,95.27,-0.52,2.07,3.52,2.1,2.28463934624964
sa19604.21-step4,sa19604.21,UVStab,0.005,HotQUV,1440,1440,70,NA,20,NA,1.55,NA,NA,NA,NA,NA,NA,NA,672,4,1.55,146.7312,95.3,-0.5,2.01,3.44,2.4,2.04919897066279
sa19604.25-step4,sa19604.25,UVStab,0.005,CyclicQUV,720,480,70,1.333333,20,5.333333,1.55,1.55,50,1,100,80,0,1.55,672,4,1.55,97.8208,95.2,-0.3,1.42,2.47,4.5,0.212984416672177
sa19604.26-step4,sa19604.26,UVStab,0.005,CyclicQUV,720,480,70,1.333333,20,5.333333,1.55,1.55,50,1,100,80,0,1.55,672,4,1.55,97.8208,95.21,-0.3,1.42,2.46,3.5,0.20385436972382
sa19604.27-step4,sa19604.27,UVStab,0.005,CyclicQUV,720,480,70,1.333333,20,5.333333,1.55,1.55,50,1,100,80,0,1.55,672,4,1.55,97.8208,95.23,-0.31,1.38,2.39,2,0.145544041085323
sa19604.28-step4,sa19604.28,UVStab,0.005,CyclicQUV,720,480,70,1.333333,20,5.333333,1.55,1.55,50,1,100,80,0,1.55,672,4,1.55,97.8208,95.23,-0.32,1.42,2.46,2.4,0.20385436972382
sa19604.05-step5,sa19604.05,UVStab,0.005,DampHeat,1440,1440,85,NA,85,NA,0,0,NA,NA,NA,NA,0,0,840,5,0,0,94.99,0.03,0.78,1.5,9.5,0.258569862681567
sa19604.06-step5,sa19604.06,UVStab,0.005,DampHeat,1440,1440,85,NA,85,NA,0,0,NA,NA,NA,NA,0,0,840,5,0,0,94.94,0.03,0.79,1.52,10.1,0.23862995657828
sa19604.07-step5,sa19604.07,UVStab,0.005,DampHeat,1440,1440,85,NA,85,NA,0,0,NA,NA,NA,NA,0,0,840,5,0,0,94.92,0,0.83,1.57,9.5,0.192280191320064
sa19604.12-step5,sa19604.12,UVStab,0.005,FreezeThaw,1375,1265,70,1.692308,85,7.083333,0,0,-40,1.375,0,2.361111,0,0,840,5,0,0,95.15,-0.01,0.63,1.17,2.3,0.703078313385792
sa19604.13-step5,sa19604.13,UVStab,0.005,FreezeThaw,1375,1265,70,1.692308,85,7.083333,0,0,-40,1.375,0,2.361111,0,0,840,5,0,0,95.21,-0.01,0.59,1.11,2.4,0.807298031695651
sa19604.14-step5,sa19604.14,UVStab,0.005,FreezeThaw,1375,1265,70,1.692308,85,7.083333,0,0,-40,1.375,0,2.361111,0,0,840,5,0,0,95.19,0,0.59,1.11,2.3,0.807298031695651
sa19604.19-step5,sa19604.19,UVStab,0.005,HotQUV,1440,1440,70,NA,20,NA,1.55,NA,NA,NA,NA,NA,NA,NA,840,5,1.55,183.414,95.18,-0.62,2.43,4.14,1.3,4.54330225704776
sa19604.20-step5,sa19604.20,UVStab,0.005,HotQUV,1440,1440,70,NA,20,NA,1.55,NA,NA,NA,NA,NA,NA,NA,840,5,1.55,183.414,95.16,-0.62,2.45,4.17,1.6,4.67209239789283
sa19604.21-step5,sa19604.21,UVStab,0.005,HotQUV,1440,1440,70,NA,20,NA,1.55,NA,NA,NA,NA,NA,NA,NA,840,5,1.55,183.414,95.14,-0.6,2.44,4.18,1.9,4.71542244484119
sa19604.26-step5,sa19604.26,UVStab,0.005,CyclicQUV,720,480,70,1.333333,20,5.333333,1.55,1.55,50,1,100,80,0,1.55,840,5,1.55,122.276,94.76,-0.39,1.81,3.15,6.8,1.30302760916044
sa19604.27-step5,sa19604.27,UVStab,0.005,CyclicQUV,720,480,70,1.333333,20,5.333333,1.55,1.55,50,1,100,80,0,1.55,840,5,1.55,122.276,94.74,-0.39,1.82,3.18,6.3,1.37241775000551
sa19604.28-step5,sa19604.28,UVStab,0.005,CyclicQUV,720,480,70,1.333333,20,5.333333,1.55,1.55,50,1,100,80,0,1.55,840,5,1.55,122.276,94.63,-0.41,1.85,3.21,5.5,1.44360789085058
sa19604.06-step6,sa19604.06,UVStab,0.005,DampHeat,1440,1440,85,NA,85,NA,0,0,NA,NA,NA,NA,0,0,1008,6,0,0,94.81,-0.01,0.97,1.83,12,0.0318614119773413
sa19604.07-step6,sa19604.07,UVStab,0.005,DampHeat,1440,1440,85,NA,85,NA,0,0,NA,NA,NA,NA,0,0,1008,6,0,0,94.88,-0.02,0.94,1.77,11,0.0568811302872005
sa19604.13-step6,sa19604.13,UVStab,0.005,FreezeThaw,1375,1265,70,1.692308,85,7.083333,0,0,-40,1.375,0,2.361111,0,0,1008,6,0,0,95.19,0.03,0.54,1.04,2.6,0.937987703057154
sa19604.14-step6,sa19604.14,UVStab,0.005,FreezeThaw,1375,1265,70,1.692308,85,7.083333,0,0,-40,1.375,0,2.361111,0,0,1008,6,0,0,95.21,0.04,0.54,1.06,2.3,0.899647796953867
sa19604.20-step6,sa19604.20,UVStab,0.005,HotQUV,1440,1440,70,NA,20,NA,1.55,NA,NA,NA,NA,NA,NA,NA,1008,6,1.55,220.0968,95.02,-0.7,2.81,4.8,2,7.79248535563931
sa19604.21-step6,sa19604.21,UVStab,0.005,HotQUV,1440,1440,70,NA,20,NA,1.55,NA,NA,NA,NA,NA,NA,NA,1008,6,1.55,220.0968,95.06,-0.72,2.9,4.94,4.3,8.59370601291631
sa19604.27-step6,sa19604.27,UVStab,0.005,CyclicQUV,720,480,70,1.333333,20,5.333333,1.55,1.55,50,1,100,80,0,1.55,1008,6,1.55,146.7312,93.84,-0.58,2.23,3.83,15.2,3.3178708016487
sa19604.28-step6,sa19604.28,UVStab,0.005,CyclicQUV,720,480,70,1.333333,20,5.333333,1.55,1.55,50,1,100,80,0,1.55,1008,6,1.55,146.7312,93.01,-0.57,2.42,4.24,18.5,4.97960272653133
sa19604.07-step7,sa19604.07,UVStab,0.005,DampHeat,1440,1440,85,NA,85,NA,0,0,NA,NA,NA,NA,0,0,1176,7,0,0,94.77,-0.1,1.14,2.11,10.4,0.0103027265313319
sa19604.14-step7,sa19604.14,UVStab,0.005,FreezeThaw,1375,1265,70,1.692308,85,7.083333,0,0,-40,1.375,0,2.361111,0,0,1176,7,0,0,95.16,0.02,0.59,1.13,2.1,0.771758125592365
sa19604.21-step7,sa19604.21,UVStab,0.005,HotQUV,1440,1440,70,NA,20,NA,1.55,NA,NA,NA,NA,NA,NA,NA,1176,7,1.55,256.7796,94.91,-0.78,3.21,5.49,5.6,12.1208585950759
sa19604.28-step7,sa19604.28,UVStab,0.005,CyclicQUV,720,480,70,1.333333,20,5.333333,1.55,1.55,50,1,100,80,0,1.55,1176,7,1.55,171.1864,91.49,-0.6,2.61,4.65,28.1,6.97753465141396
